#
# A fatal error has been detected by the Java Runtime Environment:
#
#  SIGSEGV (0xb) at pc=0x0000000164f5f160, pid=36724, tid=106759
#
# JRE version: OpenJDK Runtime Environment Homebrew (17.0.15) (build 17.0.15+0)
# Java VM: OpenJDK 64-Bit Server VM Homebrew (17.0.15+0, mixed mode, sharing, tiered, compressed oops, compressed class ptrs, g1 gc, bsd-aarch64)
# Problematic frame:
# C  [libskiko-macos-arm64.dylib+0x367160]  skgpu::TiledTextureUtils::DrawAsTiledImageRect(SkCanvas*, SkImage const*, SkRect const&, SkRect const&, SkCanvas::QuadAAFlags, SkSamplingOptions const&, SkPaint const*, SkCanvas::SrcRectConstraint, bool, unsigned long, unsigned long)+0x64
#
# No core dump will be written. Core dumps have been disabled. To enable core dumping, try "ulimit -c unlimited" before starting Java again
#
# If you would like to submit a bug report, please visit:
#   https://github.com/Homebrew/homebrew-core/issues
# The crash happened outside the Java Virtual Machine in native code.
# See problematic frame for where to report the bug.
#

---------------  S U M M A R Y ------------

Command Line: -Dcom.sun.management.jmxremote.authenticate=false -Dapple.awt.application.appearance=system -Dcompose.application.configure.swing.globals=true -Dcompose.application.resources.dir=/Users/kshivang/Development/BOSS-Kotlin/composeApp/build/compose/tmp/prepareAppResources -Djcef.path=/Users/kshivang/Development/BOSS-Kotlin/composeApp/build/jcef-natives -Djna.nosys=true -Dpty4j.preferred.native.folder=/Users/kshivang/Development/BOSS-Kotlin/composeApp/build/pty4j-native -Dpty4j.tmpdir=/Users/kshivang/Development/BOSS-Kotlin/composeApp/build/tmp --add-opens=java.desktop/sun.awt=ALL-UNNAMED --add-opens=java.desktop/sun.lwawt=ALL-UNNAMED --add-opens=java.desktop/sun.lwawt.macosx=ALL-UNNAMED -Dfile.encoding=UTF-8 -Djava.io.tmpdir=/Users/kshivang/Development/BOSS-Kotlin/composeApp/build/tmp -Duser.country=US -Duser.language=en -Duser.variant -Djava.security.manager=allow ai.rever.boss.MainKt

Host: "Mac15,8" arm64, 16 cores, 128G, Darwin 24.5.0, macOS 15.5 (24F74)
Time: Thu May 29 16:12:10 2025 PDT elapsed time: 56.835824 seconds (0d 0h 0m 56s)

---------------  T H R E A D  ---------------

Current thread (0x00000110000af800):  JavaThread "pool-2-thread-1" daemon [_thread_in_native, id=106759, stack(0x0000000b16c7c000,0x0000000b16e7f000)]

Stack: [0x0000000b16c7c000,0x0000000b16e7f000],  sp=0x0000000b16e7d550,  free space=2053k
Native frames: (J=compiled Java code, j=interpreted, Vv=VM code, C=native code)
C  [libskiko-macos-arm64.dylib+0x367160]  skgpu::TiledTextureUtils::DrawAsTiledImageRect(SkCanvas*, SkImage const*, SkRect const&, SkRect const&, SkCanvas::QuadAAFlags, SkSamplingOptions const&, SkPaint const*, SkCanvas::SrcRectConstraint, bool, unsigned long, unsigned long)+0x64
C  [libskiko-macos-arm64.dylib+0x22125c]  skgpu::ganesh::Device::drawAsTiledImageRect(SkCanvas*, SkImage const*, SkRect const*, SkRect const&, SkSamplingOptions const&, SkPaint const&, SkCanvas::SrcRectConstraint)+0x114
C  [libskiko-macos-arm64.dylib+0x7aec4]  SkCanvas::onDrawImageRect2(SkImage const*, SkRect const&, SkRect const&, SkSamplingOptions const&, SkPaint const*, SkCanvas::SrcRectConstraint)+0x188
C  [libskiko-macos-arm64.dylib+0xfc3e4]  SkRecordDraw(SkRecord const&, SkCanvas*, SkPicture const* const*, SkDrawable* const*, int, SkBBoxHierarchy const*, SkPicture::AbortCallback*)+0x1c0
C  [libskiko-macos-arm64.dylib+0x7cb5c]  SkCanvas::onDrawPicture(SkPicture const*, SkMatrix const*, SkPaint const*)+0xc4
C  [libskiko-macos-arm64.dylib+0xfc3e4]  SkRecordDraw(SkRecord const&, SkCanvas*, SkPicture const* const*, SkDrawable* const*, int, SkBBoxHierarchy const*, SkPicture::AbortCallback*)+0x1c0
C  [libskiko-macos-arm64.dylib+0x7ca50]  SkCanvas::drawPicture(SkPicture const*, SkMatrix const*, SkPaint const*)+0xac
C  [libskiko-macos-arm64.dylib+0x1fa7c]  Java_org_jetbrains_skia_CanvasKt__1nDrawPicture+0x40
J 5976  org.jetbrains.skia.CanvasKt._nDrawPicture(JJLjava/lang/Object;J)V (0 bytes) @ 0x000000011bc887d4 [0x000000011bc88740+0x0000000000000094]
C  [libskiko-macos-arm64.dylib+0x2751c4]  skgpu::ganesh::SurfaceDrawContext::fillRectToRect(GrClip const*, GrPaint&&, GrAA, SkMatrix const&, SkRect const&, SkRect const&)+0x2cc
C  [libskiko-macos-arm64.dylib+0x274e20]  skgpu::ganesh::SurfaceDrawContext::drawPaint(GrClip const*, GrPaint&&, SkMatrix const&)+0x78
C  [libskiko-macos-arm64.dylib+0x21e9c8]  skgpu::ganesh::Device::drawPaint(SkPaint const&)+0xb0

Java frames: (J=compiled Java code, j=interpreted, Vv=VM code)
J 5976  org.jetbrains.skia.CanvasKt._nDrawPicture(JJLjava/lang/Object;J)V (0 bytes) @ 0x000000011bc887d4 [0x000000011bc88740+0x0000000000000094]
J 6901 c1 org.jetbrains.skia.CanvasKt.access$_nDrawPicture(JJLjava/lang/Object;J)V (10 bytes) @ 0x0000000114d58e14 [0x0000000114d58dc0+0x0000000000000054]
J 6900 c1 org.jetbrains.skia.Canvas.drawPicture(Lorg/jetbrains/skia/Picture;Lorg/jetbrains/skia/Matrix33;Lorg/jetbrains/skia/Paint;)Lorg/jetbrains/skia/Canvas; (103 bytes) @ 0x0000000114d5993c [0x0000000114d59340+0x00000000000005fc]
J 6899 c1 org.jetbrains.skia.Canvas.drawPicture$default(Lorg/jetbrains/skia/Canvas;Lorg/jetbrains/skia/Picture;Lorg/jetbrains/skia/Matrix33;Lorg/jetbrains/skia/Paint;ILjava/lang/Object;)Lorg/jetbrains/skia/Canvas; (42 bytes) @ 0x0000000114d57d74 [0x0000000114d57c80+0x00000000000000f4]
J 6898 c1 org.jetbrains.skiko.SkiaLayer$draw$2.invoke(Lorg/jetbrains/skiko/PictureHolder;)Lorg/jetbrains/skia/Canvas; (23 bytes) @ 0x0000000114d585b4 [0x0000000114d58280+0x0000000000000334]
J 6897 c1 org.jetbrains.skiko.SkiaLayer$draw$2.invoke(Ljava/lang/Object;)Ljava/lang/Object; (9 bytes) @ 0x0000000114d567cc [0x0000000114d56640+0x000000000000018c]
J 6896 c1 org.jetbrains.skiko.SkiaLayer.lockPicture(Lkotlin/jvm/functions/Function1;)Ljava/lang/Object; (47 bytes) @ 0x0000000114d5618c [0x0000000114d55fc0+0x00000000000001cc]
J 6894 c1 org.jetbrains.skiko.SkiaLayer.draw$skiko(Lorg/jetbrains/skia/Canvas;)V (57 bytes) @ 0x0000000114d57138 [0x0000000114d56c80+0x00000000000004b8]
J 6709 c1 org.jetbrains.skiko.context.JvmContextHandler$1.invoke(Ljava/lang/Object;)Ljava/lang/Object; (12 bytes) @ 0x0000000114ccfe7c [0x0000000114ccf940+0x000000000000053c]
J 6698 c1 org.jetbrains.skiko.context.ContextHandler.draw()V (76 bytes) @ 0x0000000114cc439c [0x0000000114cc3840+0x0000000000000b5c]
J 6902 c1 org.jetbrains.skiko.redrawer.MetalRedrawer.performDraw(Z)V (88 bytes) @ 0x0000000114d5ae58 [0x0000000114d5ac00+0x0000000000000258]
J 6729 c1 org.jetbrains.skiko.redrawer.MetalRedrawer$draw$2$1.invokeSuspend(Ljava/lang/Object;)Ljava/lang/Object; (56 bytes) @ 0x0000000114cdb29c [0x0000000114cdafc0+0x00000000000002dc]
J 7800 c2 kotlin.coroutines.jvm.internal.BaseContinuationImpl.resumeWith(Ljava/lang/Object;)V (124 bytes) @ 0x000000011bda83c8 [0x000000011bda8380+0x0000000000000048]
J 6061 c2 kotlinx.coroutines.DispatchedTask.run()V (387 bytes) @ 0x000000011bca1d98 [0x000000011bca1980+0x0000000000000418]
j  java.util.concurrent.ThreadPoolExecutor.runWorker(Ljava/util/concurrent/ThreadPoolExecutor$Worker;)V+92 java.base@17.0.15
j  java.util.concurrent.ThreadPoolExecutor$Worker.run()V+5 java.base@17.0.15
j  java.lang.Thread.run()V+11 java.base@17.0.15
v  ~StubRoutines::call_stub

siginfo: si_signo: 11 (SIGSEGV), si_code: 2 (SEGV_ACCERR), si_addr: 0x70ee770210010018

Registers:
 x0=0x0000000000000000  x1=0x0000000164e1b094  x2=0x0000000b16e7d7f0  x3=0x00000110002178e0
 x4=0x0000000000000000  x5=0x0000000b16e7dd50  x6=0x0000000b16e7dd70  x7=0x0000000000000000
 x8=0x70ee770210010000  x9=0x0000000000000020 x10=0x0000000000000000 x11=0xc491800000000000
x12=0x00000000c4ecc000 x13=0x0000000000000000 x14=0x4491800000000000 x15=0x0000011006e2c5b8
x16=0x0000000187121824 x17=0x0000000179580e50 x18=0x0000000000000000 x19=0x0000000000000000
x20=0x0000000b16e7dd70 x21=0x0000011003708800 x22=0x0000000000000000 x23=0x000001100277ecb0
x24=0x0000000b16e7dd50 x25=0x00000110002178e0 x26=0x0000000b16e7d7f0 x27=0x00000110002178d0
x28=0x0000000010000000  fp=0x0000000b16e7d7c0  lr=0x0000000164f5f158  sp=0x0000000b16e7d550
pc=0x0000000164f5f160 cpsr=0x0000000020001000

Register to memory mapping:

 x0=0x0 is NULL
 x1=0x0000000164e1b094: _ZNK5skgpu6ganesh6Device11isClipEmptyEv+0 in /Users/kshivang/.skiko/651c27f75e71c71e6a7ce4a1c0c542a67bcdf156c73a22233ef5a16a5861e7a3/libskiko-macos-arm64.dylib at 0x0000000164bf8000
 x2=0x0000000b16e7d7f0 is pointing into the stack for thread: 0x00000110000af800
 x3=0x00000110002178e0 points into unknown readable memory: 0x0000000000000000 | 00 00 00 00 00 00 00 00
 x4=0x0 is NULL
 x5=0x0000000b16e7dd50 is pointing into the stack for thread: 0x00000110000af800
 x6=0x0000000b16e7dd70 is pointing into the stack for thread: 0x00000110000af800
 x7=0x0 is NULL
 x8=0x70ee770210010000 is an unknown value
 x9=0x0000000000000020 is an unknown value
x10=0x0 is NULL
x11=0xc491800000000000 is an unknown value
x12=0x00000000c4ecc000 is an unknown value
x13=0x0 is NULL
x14=0x4491800000000000 is an unknown value
x15=0x0000011006e2c5b8 points into unknown readable memory: 0x0000000000000070 | 70 00 00 00 00 00 00 00
x16=0x0000000187121824: os_unfair_lock_unlock+0 in /usr/lib/system/libsystem_platform.dylib at 0x0000000187121000
x17=0x0000000179580e50: Java_com_teamdev_jxbrowser_internal_rpc_transport_IpcLibrary_closeConnection+0x55ea4 in /Users/kshivang/Development/BOSS-Kotlin/composeApp/build/tmp/JxBrowser/8.7.0/Chromium.app/Contents/Frameworks/Chromium Framework.framework/Versions/136.0.7103.114/Libraries/libipc.dylib at 0x0000000179524000
x18=0x0 is NULL
x19=0x0 is NULL
x20=0x0000000b16e7dd70 is pointing into the stack for thread: 0x00000110000af800
x21=0x0000011003708800 points into unknown readable memory: 0x0000000165d43c48 | 48 3c d4 65 01 00 00 00
x22=0x0 is NULL
x23=0x000001100277ecb0 points into unknown readable memory: 0x70ee770210010000 | 00 00 01 10 02 77 ee 70
x24=0x0000000b16e7dd50 is pointing into the stack for thread: 0x00000110000af800
x25=0x00000110002178e0 points into unknown readable memory: 0x0000000000000000 | 00 00 00 00 00 00 00 00
x26=0x0000000b16e7d7f0 is pointing into the stack for thread: 0x00000110000af800
x27=0x00000110002178d0 points into unknown readable memory: 0x0000000000000000 | 00 00 00 00 00 00 00 00
x28=268435456 is a compressed pointer to object: [B 
{0x0000000380000000} - klass: {type array byte}
 - length: 147


Top of Stack: (sp=0x0000000b16e7d550)
0x0000000b16e7d550:   0000000165d7b190 0000000000000078
0x0000000b16e7d560:   0000000b16e7d590 0000000164e48cc8
0x0000000b16e7d570:   0000000000000001 000000000000000f
0x0000000b16e7d580:   00000110027ae4d8 0000000b16e7d770
0x0000000b16e7d590:   0000000b16e7d5e0 0000000164e7f570
0x0000000b16e7d5a0:   0000321000000000 0000000000000000
0x0000000b16e7d5b0:   0000000b16e7d8f0 00000110002a22b8
0x0000000b16e7d5c0:   0000000b16e7d7e0 00000110002a2180
0x0000000b16e7d5d0:   0000000000000001 0000000b16e7d770
0x0000000b16e7d5e0:   0000000b16e7d6d0 0000000164e7f0a8
0x0000000b16e7d5f0:   0000011002a39ab0 0000011006f52ab0
0x0000000b16e7d600:   0000000b16e7d620 0000000164ed3300
0x0000000b16e7d610:   0000011006f52a80 0000011002a39a80
0x0000000b16e7d620:   0000000b16e7d660 0000000164ec7074
0x0000000b16e7d630:   0000011001fcbb80 b627d9b5e5ed0047
0x0000000b16e7d640:   0000000000000020 00000110002a2180
0x0000000b16e7d650:   0000000000000000 0000000040800000
0x0000000b16e7d660:   0000000000000000 0000000040800000
0x0000000b16e7d670:   00000110002a21c0 00000110002a2180
0x0000000b16e7d680:   0000000b16e7d6d0 0000000164e0ff80
0x0000000b16e7d690:   0000000000000000 b627d9b5e5ed0047
0x0000000b16e7d6a0:   0000000b16e7d8f0 00000110002a22b8
0x0000000b16e7d6b0:   0000016e000002f1 00000176000007e6
0x0000000b16e7d6c0:   000001100277eb60 0000000b16e7d910
0x0000000b16e7d6d0:   0000000000000030 0000000b16e7d780
0x0000000b16e7d6e0:   0000011000122800 0000000000000050
0x0000000b16e7d6f0:   0000000000000000 000000000000000a
0x0000000b16e7d700:   0000000000000000 000001100128b6a0
0x0000000b16e7d710:   000001100128ae00 0000000b16e7d808
0x0000000b16e7d720:   0000000b16e7d7f0 0000000164ed5cdc
0x0000000b16e7d730:   0000000000000000 0000000000000000
0x0000000b16e7d740:   0000000000000000 0000000000000000 

Instructions: (pc=0x0000000164f5f160)
0x0000000164f5f060:   40 00 80 52 fd 7b 49 a9 f4 4f 48 a9 f6 57 47 a9
0x0000000164f5f070:   f8 5f 46 a9 fa 67 45 a9 ff 83 02 91 c0 03 5f d6
0x0000000164f5f080:   ff 83 01 d1 e9 23 03 6d f4 4f 04 a9 fd 7b 05 a9
0x0000000164f5f090:   fd 43 01 91 f3 03 02 aa e2 03 01 aa e1 03 00 aa
0x0000000164f5f0a0:   e8 19 00 b0 00 dd c2 3d e0 03 00 ad 08 f0 a7 d2
0x0000000164f5f0b0:   08 02 c0 f2 e8 13 00 f9 e0 03 00 91 80 35 f5 97
0x0000000164f5f0c0:   7f 02 00 71 68 9e 80 52 a8 e6 a7 72 00 01 27 1e
0x0000000164f5f0d0:   01 10 2e 1e 08 1c 21 1e e0 03 00 91 39 3d f5 97
0x0000000164f5f0e0:   00 20 28 1e e0 b7 9f 1a fd 7b 45 a9 f4 4f 44 a9
0x0000000164f5f0f0:   e9 23 43 6d ff 83 01 91 c0 03 5f d6 ef 3b b6 6d
0x0000000164f5f100:   ed 33 01 6d eb 2b 02 6d e9 23 03 6d fc 6f 04 a9
0x0000000164f5f110:   fa 67 05 a9 f8 5f 06 a9 f6 57 07 a9 f4 4f 08 a9
0x0000000164f5f120:   fd 7b 09 a9 fd 43 02 91 ff 83 07 d1 f3 03 07 aa
0x0000000164f5f130:   f4 03 06 aa f8 03 05 aa f6 03 04 aa f9 03 03 aa
0x0000000164f5f140:   fa 03 02 aa f7 03 01 aa f5 03 00 aa 08 00 40 f9
0x0000000164f5f150:   08 15 40 f9 00 01 3f d6 60 03 00 37 e8 02 40 f9
0x0000000164f5f160:   08 0d 40 f9 e0 03 17 aa 00 01 3f d6 c0 35 00 37
0x0000000164f5f170:   ff ff 0f a9 ff ff 0e a9 e8 19 00 b0 00 dd c2 3d
0x0000000164f5f180:   e0 03 06 ad e0 13 80 3d 08 f0 a7 d2 08 02 c0 f2
0x0000000164f5f190:   e8 73 00 f9 e8 12 40 f9 e8 ab 00 f9 e0 43 05 91
0x0000000164f5f1a0:   e4 e3 03 91 e5 a3 03 91 e6 03 03 91 e1 03 1a aa
0x0000000164f5f1b0:   e2 03 19 aa 03 00 80 d2 21 ff ff 97 1f 08 00 71
0x0000000164f5f1c0:   81 00 00 54 13 00 80 d2 20 00 80 52 98 01 00 14
0x0000000164f5f1d0:   f3 3f 00 b9 e8 12 40 f9 29 00 c0 d2 1f 01 09 eb
0x0000000164f5f1e0:   f4 0b 00 f9 ab 03 00 54 0a 7d 60 d3 5f 01 09 eb
0x0000000164f5f1f0:   4b 03 00 54 49 01 08 aa 09 03 f8 b7 e2 fb 40 bd
0x0000000164f5f200:   e1 03 41 bd 40 20 21 1e 85 02 00 54 e3 ff 40 bd
0x0000000164f5f210:   e0 07 41 bd 60 20 20 1e 05 02 00 54 48 20 20 1e
0x0000000164f5f220:   c8 01 00 54 68 20 20 1e 88 01 00 54 02 01 22 1e
0x0000000164f5f230:   20 20 22 1e 2b 01 00 54 08 fd 60 d3 01 01 22 1e
0x0000000164f5f240:   00 20 21 1e e8 b7 9f 1a 1f 01 00 72 e8 3f 40 b9
0x0000000164f5f250:   08 05 9f 1a e8 3f 00 b9 a8 e7 41 a9 e8 1b 00 f9 


Stack slot to memory mapping:
stack at sp + 0 slots: 0x0000000165d7b190: _MergedGlobals+0 in /Users/kshivang/.skiko/651c27f75e71c71e6a7ce4a1c0c542a67bcdf156c73a22233ef5a16a5861e7a3/libskiko-macos-arm64.dylib at 0x0000000164bf8000
stack at sp + 1 slots: 0x0000000000000078 is an unknown value
stack at sp + 2 slots: 0x0000000b16e7d590 is pointing into the stack for thread: 0x00000110000af800
stack at sp + 3 slots: 0x0000000164e48cc8: _ZN11GrProcessornwEm+0x50 in /Users/kshivang/.skiko/651c27f75e71c71e6a7ce4a1c0c542a67bcdf156c73a22233ef5a16a5861e7a3/libskiko-macos-arm64.dylib at 0x0000000164bf8000
stack at sp + 4 slots: 0x0000000000000001 is an unknown value
stack at sp + 5 slots: 0x000000000000000f is an unknown value
stack at sp + 6 slots: 0x00000110027ae4d8 points into unknown readable memory: 0x0000000165d554d0 | d0 54 d5 65 01 00 00 00
stack at sp + 7 slots: 0x0000000b16e7d770 is pointing into the stack for thread: 0x00000110000af800


Compiled method (n/a)   56840 5976     n 0       org.jetbrains.skia.CanvasKt::_nDrawPicture (native)
 total in heap  [0x000000011bc88590,0x000000011bc888f8] = 872
 relocation     [0x000000011bc886e8,0x000000011bc88718] = 48
 main code      [0x000000011bc88740,0x000000011bc888e0] = 416
 oops           [0x000000011bc888e0,0x000000011bc888f0] = 16
 metadata       [0x000000011bc888f0,0x000000011bc888f8] = 8

[Constant Pool (empty)]

[MachCode]
[Entry Point]
  # {method} {0x000000015e333020} '_nDrawPicture' '(JJLjava/lang/Object;J)V' in 'org/jetbrains/skia/CanvasKt'
  # parm0:    c_rarg1:c_rarg1 
                        = long
  # parm1:    c_rarg2:c_rarg2 
                        = long
  # parm2:    c_rarg3:c_rarg3 
                        = 'java/lang/Object'
  # parm3:    c_rarg4:c_rarg4 
                        = long
  #           [sp+0x60]  (sp of caller)
  0x000000011bc88740: 2808 40b9 | 3f01 086b | 4000 0054 

  0x000000011bc8874c: ;   {runtime_call ic_miss_stub}
  0x000000011bc8874c: 2d71 da17 
[Verified Entry Point]
  0x000000011bc88750: 1f20 03d5 | e953 40d1 | 3f01 00f9 | fd7b bfa9 | fd03 0091 | ff43 01d1 | e503 04aa | e30b 00f9 
  0x000000011bc88770: 7f00 1feb | e443 0091 | e403 849a | e303 02aa | e203 01aa 

  0x000000011bc88784: ;   {oop(a 'java/lang/Class'{0x00000003083d99a8} = 'org/jetbrains/skia/CanvasKt')}
  0x000000011bc88784: 0135 93d2 | a107 a1f2 | 6100 c0f2 | e123 00f9 | e103 0191 | e801 0010 | 884f 01f9 | e803 0091 
  0x000000011bc887a4: 884b 01f9 

  0x000000011bc887a8: ;   {external_word}
  0x000000011bc887a8: c817 f8f0 | 08c9 5339 | 0806 0035 | 80c3 0a91 | e803 7eb2 | 89e3 0c91 | 28fd 9f88 

  0x000000011bc887c4: ;   {runtime_call Java_org_jetbrains_skia_CanvasKt__1nDrawPicture}
  0x000000011bc887c4: 8847 8fd2 | 2898 acf2 | 2800 c0f2 | 0001 3fd6 | a800 80d2 | 883b 03b9 | bf3b 03d5 | 8803 0d91 
  0x000000011bc887e4: 08fd dfc8 | bf03 08eb | 6803 0054 | 882b 43b9 | 2803 0035 | e803 7db2 | 89e3 0c91 | 28fd 9f88 
  0x000000011bc88804: 88a3 4e39 | 1f09 0071 | c001 0054 

  0x000000011bc88810: ;   {external_word}
  0x000000011bc88810: c817 f8f0 | 08c9 5339 | e804 0035 | 9f4b 01f9 | 9f4f 01f9 | 826f 40f9 | 5f80 00f9 | bf03 0091 
  0x000000011bc88830: fd7b c1a8 | 8807 40f9 | 4800 00b5 | c003 5fd6 

  0x000000011bc88840: ;   {runtime_call StubRoutines (1)}
  0x000000011bc88840: 106e d917 

  0x000000011bc88844: ;   {runtime_call SharedRuntime::reguard_yellow_pages()}
  0x000000011bc88844: 88e0 80d2 | 2878 a1f2 | 2800 c0f2 | 0001 3fd6 | efff ff17 | e003 1caa 

  0x000000011bc8885c: ;   {runtime_call JavaThread::check_special_condition_for_native_trans(JavaThread*)}
  0x000000011bc8885c: 0818 94d2 | 087a a1f2 | 2800 c0f2 | 0001 3fd6 | e3ff ff17 | e10b bda9 | e313 01a9 | e57f 02a9 
  0x000000011bc8887c: ;   {metadata({method} {0x000000015e333020} '_nDrawPicture' '(JJLjava/lang/Object;J)V' in 'org/jetbrains/skia/CanvasKt')}
  0x000000011bc8887c: 0104 86d2 | 61c6 abf2 | 2100 c0f2 | e003 1caa | e833 bfa9 | 8824 9dd2 | 0878 a1f2 | 2800 c0f2 
  0x000000011bc8889c: 0001 3fd6 | e833 c1a8 | e313 41a9 | e57f 42a9 | e10b c3a8 | c1ff ff17 

  0x000000011bc888b4: ;   {metadata({method} {0x000000015e333020} '_nDrawPicture' '(JJLjava/lang/Object;J)V' in 'org/jetbrains/skia/CanvasKt')}
  0x000000011bc888b4: 0104 86d2 | 61c6 abf2 | 2100 c0f2 | e003 1caa | e833 bfa9 | 8833 9dd2 | 0878 a1f2 | 2800 c0f2 
  0x000000011bc888d4: 0001 3fd6 | e833 c1a8 | d0ff ff17 
[/MachCode]


Compiled method (c1)   56842 6901       3       org.jetbrains.skia.CanvasKt::access$_nDrawPicture (10 bytes)
 total in heap  [0x0000000114d58c10,0x0000000114d58f60] = 848
 relocation     [0x0000000114d58d68,0x0000000114d58d98] = 48
 main code      [0x0000000114d58dc0,0x0000000114d58e80] = 192
 stub code      [0x0000000114d58e80,0x0000000114d58ec8] = 72
 oops           [0x0000000114d58ec8,0x0000000114d58ed0] = 8
 metadata       [0x0000000114d58ed0,0x0000000114d58ee8] = 24
 scopes data    [0x0000000114d58ee8,0x0000000114d58f18] = 48
 scopes pcs     [0x0000000114d58f18,0x0000000114d58f58] = 64
 dependencies   [0x0000000114d58f58,0x0000000114d58f60] = 8

[Constant Pool (empty)]

[MachCode]
[Verified Entry Point]
  # {method} {0x000000015e335d20} 'access$_nDrawPicture' '(JJLjava/lang/Object;J)V' in 'org/jetbrains/skia/CanvasKt'
  # parm0:    c_rarg1:c_rarg1 
                        = long
  # parm1:    c_rarg2:c_rarg2 
                        = long
  # parm2:    c_rarg3:c_rarg3 
                        = 'java/lang/Object'
  # parm3:    c_rarg4:c_rarg4 
                        = long
  #           [sp+0x60]  (sp of caller)
  0x0000000114d58dc0: 1f20 03d5 | e953 40d1 | 3f01 00f9 | ff83 01d1 | fd7b 05a9 

  0x0000000114d58dd4: ;   {metadata(method data for {method} {0x000000015e335d20} 'access$_nDrawPicture' '(JJLjava/lang/Object;J)V' in 'org/jetbrains/skia/CanvasKt')}
  0x0000000114d58dd4: 00e6 92d2 | c0da abf2 | 2000 c0f2 | 05ac 40b9 | a508 0011 | 05ac 00b9 | a524 1f12 | bf00 0071 
  0x0000000114d58df4: c001 0054 

  0x0000000114d58df8: ;   {metadata(method data for {method} {0x000000015e335d20} 'access$_nDrawPicture' '(JJLjava/lang/Object;J)V' in 'org/jetbrains/skia/CanvasKt')}
  0x0000000114d58df8: 00e6 92d2 | c0da abf2 | 2000 c0f2 | 0878 40f9 | 0805 0091 | 0878 00f9 

  0x0000000114d58e10: ; ImmutableOopMap {}
                      ;*invokestatic _nDrawPicture {reexecute=0 rethrow=0 return_oop=0}
                      ; - org.jetbrains.skia.CanvasKt::access$_nDrawPicture@6 (line 1)
                      ;   {static_call}
  0x0000000114d58e10: 50be bc95 | fd7b 45a9 | ff83 0191 

  0x0000000114d58e1c: ;   {poll_return}
  0x0000000114d58e1c: 88a3 41f9 | ff63 28eb | 4801 0054 | c003 5fd6 

  0x0000000114d58e2c: ;   {metadata({method} {0x000000015e335d20} 'access$_nDrawPicture' '(JJLjava/lang/Object;J)V' in 'org/jetbrains/skia/CanvasKt')}
  0x0000000114d58e2c: 08a4 8bd2 | 68c6 abf2 | 2800 c0f2 | e807 00f9 | 0800 8092 | e803 00f9 

  0x0000000114d58e44: ; ImmutableOopMap {c_rarg3=Oop }
                      ;*synchronization entry
                      ; - org.jetbrains.skia.CanvasKt::access$_nDrawPicture@-1
                      ;   {runtime_call counter_overflow Runtime1 stub}
  0x0000000114d58e44: af03 9a95 | ecff ff17 

  0x0000000114d58e4c: ;   {internal_word}
  0x0000000114d58e4c: 88fe ff10 | 88af 01f9 

  0x0000000114d58e54: ;   {runtime_call SafepointBlob}
  0x0000000114d58e54: eb48 9715 | 1f20 03d5 | 1f20 03d5 | 80eb 41f9 | 9feb 01f9 | 9fef 01f9 | fd7b 45a9 | ff83 0191 
  0x0000000114d58e74: ;   {runtime_call unwind_exception Runtime1 stub}
  0x0000000114d58e74: 43b5 9715 | 0000 0000 | 0000 0000 
[Stub Code]
  0x0000000114d58e80: ;   {no_reloc}
  0x0000000114d58e80: df3f 03d5 

  0x0000000114d58e84: ;   {metadata(NULL)}
  0x0000000114d58e84: 0c00 80d2 | 0c00 a0f2 | 0c00 c0f2 | 0800 80d2 | 0800 a0f2 | 0800 c0f2 | 0001 1fd6 

  0x0000000114d58ea0: ;   {trampoline_stub}
  0x0000000114d58ea0: 4800 0058 | 0001 1fd6 | 5087 c81b | 0100 0000 
[Exception Handler]
  0x0000000114d58eb0: ;   {runtime_call handle_exception_from_callee Runtime1 stub}
  0x0000000114d58eb0: 94f7 9995 | c1d5 bbd4 | 0fe8 dd0b | 0100 0000 
[Deopt Handler Code]
  0x0000000114d58ec0: 1e00 0010 

  0x0000000114d58ec4: ;   {runtime_call DeoptimizationBlob}
  0x0000000114d58ec4: 9f49 9715 
[/MachCode]


Compiled method (c1)   56843 6900   !   3       org.jetbrains.skia.Canvas::drawPicture (103 bytes)
 total in heap  [0x0000000114d58f90,0x0000000114d5a910] = 6528
 relocation     [0x0000000114d590e8,0x0000000114d59330] = 584
 main code      [0x0000000114d59340,0x0000000114d5a0c0] = 3456
 stub code      [0x0000000114d5a0c0,0x0000000114d5a228] = 360
 oops           [0x0000000114d5a228,0x0000000114d5a258] = 48
 metadata       [0x0000000114d5a258,0x0000000114d5a338] = 224
 scopes data    [0x0000000114d5a338,0x0000000114d5a620] = 744
 scopes pcs     [0x0000000114d5a620,0x0000000114d5a880] = 608
 dependencies   [0x0000000114d5a880,0x0000000114d5a888] = 8
 handler table  [0x0000000114d5a888,0x0000000114d5a8e8] = 96
 nul chk table  [0x0000000114d5a8e8,0x0000000114d5a910] = 40

[Constant Pool (empty)]

[MachCode]
[Entry Point]
  # {method} {0x000000015c56c0a8} 'drawPicture' '(Lorg/jetbrains/skia/Picture;Lorg/jetbrains/skia/Matrix33;Lorg/jetbrains/skia/Paint;)Lorg/jetbrains/skia/Canvas;' in 'org/jetbrains/skia/Canvas'
  # this:     c_rarg1:c_rarg1 
                        = 'org/jetbrains/skia/Canvas'
  # parm0:    c_rarg2:c_rarg2 
                        = 'org/jetbrains/skia/Picture'
  # parm1:    c_rarg3:c_rarg3 
                        = 'org/jetbrains/skia/Matrix33'
  # parm2:    c_rarg4:c_rarg4 
                        = 'org/jetbrains/skia/Paint'
  #           [sp+0xf0]  (sp of caller)
  0x0000000114d59340: 2808 40b9 | 3f01 086b | c001 0054 

  0x0000000114d5934c: ;   {runtime_call ic_miss_stub}
  0x0000000114d5934c: 2d2e 9715 | 1f20 03d5 | 1f20 03d5 | 1f20 03d5 | 1f20 03d5 | 1f20 03d5 | 1f20 03d5 | 1f20 03d5 
  0x0000000114d5936c: 1f20 03d5 | 1f20 03d5 | 1f20 03d5 | 1f20 03d5 | 1f20 03d5 
[Verified Entry Point]
  0x0000000114d59380: 1f20 03d5 | e953 40d1 | 3f01 00f9 | ffc3 03d1 | fd7b 0ea9 | e10b 0aa9 | e313 0ba9 

  0x0000000114d5939c: ;   {metadata(method data for {method} {0x000000015c56c0a8} 'drawPicture' '(Lorg/jetbrains/skia/Picture;Lorg/jetbrains/skia/Matrix33;Lorg/jetbrains/skia/Paint;)Lorg/jetbrains/skia/Canvas;' in 'org/jetbrains/skia/Canvas')}
  0x0000000114d5939c: 006e 92d2 | c0da abf2 | 2000 c0f2 | 0aac 40b9 | 4a09 0011 | 0aac 00b9 | 4a25 1f12 | 5f01 0071 
  0x0000000114d593bc: 004e 0054 

  0x0000000114d593c0: ;   {metadata(method data for {method} {0x000000015c56c0a8} 'drawPicture' '(Lorg/jetbrains/skia/Picture;Lorg/jetbrains/skia/Matrix33;Lorg/jetbrains/skia/Paint;)Lorg/jetbrains/skia/Canvas;' in 'org/jetbrains/skia/Canvas')}
  0x0000000114d593c0: 006e 92d2 | c0da abf2 | 2000 c0f2 | 0878 40f9 | 0805 0091 | 0878 00f9 

  0x0000000114d593d8: ;   {metadata(method data for {method} {0x000000015c405c98} 'checkNotNullParameter' '(Ljava/lang/Object;Ljava/lang/String;)V' in 'kotlin/jvm/internal/Intrinsics')}
  0x0000000114d593d8: 00c5 8fd2 | 408b abf2 | 2000 c0f2 | 0aac 40b9 | 4a09 0011 | 0aac 00b9 | 4a4d 1f12 | 5f01 0071 
  0x0000000114d593f8: 204d 0054 | e003 1faa | 5f00 00eb 

  0x0000000114d59404: ;   {metadata(method data for {method} {0x000000015c405c98} 'checkNotNullParameter' '(Ljava/lang/Object;Ljava/lang/String;)V' in 'kotlin/jvm/internal/Intrinsics')}
  0x0000000114d59404: 00c5 8fd2 | 408b abf2 | 2000 c0f2 | e80f 7cb2 | e903 78b2 | 0a11 899a | 0b68 6af8 | 6b05 0091 
  0x0000000114d59424: 0b68 2af8 | 610f 0054 

  0x0000000114d5942c: ;   {metadata(method data for {method} {0x000000015c405c98} 'checkNotNullParameter' '(Ljava/lang/Object;Ljava/lang/String;)V' in 'kotlin/jvm/internal/Intrinsics')}
  0x0000000114d5942c: 00c5 8fd2 | 408b abf2 | 2000 c0f2 | 0888 40f9 | 0805 0091 | 0888 00f9 

  0x0000000114d59444: ;   {metadata(method data for {method} {0x000000015c405e08} 'throwParameterIsNullNPE' '(Ljava/lang/String;)V' in 'kotlin/jvm/internal/Intrinsics')}
  0x0000000114d59444: 0000 90d2 | 408b abf2 | 2000 c0f2 | 0aac 40b9 | 4a09 0011 | 0aac 00b9 | 4a4d 1f12 | 5f01 0071 
  0x0000000114d59464: c04a 0054 

  0x0000000114d59468: ; ImmutableOopMap {[184]=Oop [168]=Oop [160]=Oop [176]=Oop }
                      ;*new {reexecute=0 rethrow=0 return_oop=0}
                      ; - kotlin.jvm.internal.Intrinsics::throwParameterIsNullNPE@0 (line 140)
                      ; - kotlin.jvm.internal.Intrinsics::checkNotNullParameter@5 (line 131)
                      ; - org.jetbrains.skia.Canvas::drawPicture@4
                      ;   {runtime_call load_mirror_patching Runtime1 stub}
  0x0000000114d59468: e6ff 9995 | 8087 40f9 | 0bc0 0091 | 888f 40f9 | 7f01 08eb | 084b 0054 | 8b87 00f9 | ea03 40b2 
  0x0000000114d59488: 0a00 00f9 | 6a08 5cd2 | 0a7c 0129 | 0a40 0091 | 5f7d 00a9 | 5f7d 01a9 | bf3a 03d5 

  0x0000000114d594a4: ;   {metadata(method data for {method} {0x000000015c405e08} 'throwParameterIsNullNPE' '(Ljava/lang/String;)V' in 'kotlin/jvm/internal/Intrinsics')}
  0x0000000114d594a4: 0300 90d2 | 438b abf2 | 2300 c0f2 | 6878 40f9 | 0805 0091 | 6878 00f9 

  0x0000000114d594bc: ;   {oop("picture"{0x0000000308234ff8})}
  0x0000000114d594bc: 03ff 89d2 | 6304 a1f2 | 6300 c0f2 | e103 03aa | e04f 00f9 

  0x0000000114d594d0: ; ImmutableOopMap {[160]=Oop [152]=Oop [184]=Oop [176]=Oop [168]=Oop }
                      ;*invokestatic createParameterIsNullExceptionMessage {reexecute=0 rethrow=0 return_oop=0}
                      ; - kotlin.jvm.internal.Intrinsics::throwParameterIsNullNPE@5 (line 140)
                      ; - kotlin.jvm.internal.Intrinsics::checkNotNullParameter@5 (line 131)
                      ; - org.jetbrains.skia.Canvas::drawPicture@4
                      ;   {static_call}
  0x0000000114d594d0: 0c30 9795 | e24f 40f9 

  0x0000000114d594d8: ;   {metadata(method data for {method} {0x000000015c405e08} 'throwParameterIsNullNPE' '(Ljava/lang/String;)V' in 'kotlin/jvm/internal/Intrinsics')}
  0x0000000114d594d8: 0100 90d2 | 418b abf2 | 2100 c0f2 | 2880 40f9 | 0805 0091 | 2880 00f9 | e203 00aa | e14f 40f9 
  0x0000000114d594f8: ; ImmutableOopMap {[160]=Oop [152]=Oop [184]=Oop [176]=Oop [168]=Oop }
                      ;*invokespecial <init> {reexecute=0 rethrow=0 return_oop=0}
                      ; - kotlin.jvm.internal.Intrinsics::throwParameterIsNullNPE@8 (line 140)
                      ; - kotlin.jvm.internal.Intrinsics::checkNotNullParameter@5 (line 131)
                      ; - org.jetbrains.skia.Canvas::drawPicture@4
                      ;   {optimized virtual_call}
  0x0000000114d594f8: 822e 9795 

  0x0000000114d594fc: ;   {metadata(method data for {method} {0x000000015c405e08} 'throwParameterIsNullNPE' '(Ljava/lang/String;)V' in 'kotlin/jvm/internal/Intrinsics')}
  0x0000000114d594fc: 0100 90d2 | 418b abf2 | 2100 c0f2 | 2888 40f9 | 0805 0091 | 2888 00f9 

  0x0000000114d59514: ;   {metadata(method data for {method} {0x000000015c406de8} 'sanitizeStackTrace' '(Ljava/lang/Throwable;)Ljava/lang/Throwable;' in 'kotlin/jvm/internal/Intrinsics')}
  0x0000000114d59514: 01d4 90d2 | 418b abf2 | 2100 c0f2 | 20ac 40b9 | 0008 0011 | 20ac 00b9 | 004c 1f12 | 1f00 0071 
  0x0000000114d59534: 8045 0054 

  0x0000000114d59538: ;   {oop(a 'java/lang/Class'{0x000000030501dcb8} = 'kotlin/jvm/internal/Intrinsics')}
  0x0000000114d59538: 0197 9bd2 | 21a0 a0f2 | 6100 c0f2 | e003 01aa 

  0x0000000114d59548: ;   {metadata(method data for {method} {0x000000015c406de8} 'sanitizeStackTrace' '(Ljava/lang/Throwable;)Ljava/lang/Throwable;' in 'kotlin/jvm/internal/Intrinsics')}
  0x0000000114d59548: 02d4 90d2 | 428b abf2 | 2200 c0f2 | 4878 40f9 | 0805 0091 | 4878 00f9 

  0x0000000114d59560: ;   {metadata(method data for {method} {0x000000700043f378} 'getName' '()Ljava/lang/String;' in 'java/lang/Class')}
  0x0000000114d59560: 00cc 95d2 | 8080 abf2 | 2000 c0f2 | 02ac 40b9 | 4208 0011 | 02ac 00b9 | 424c 1f12 | 5f00 0071 
  0x0000000114d59580: 2044 0054 

  0x0000000114d59584: ; implicit exception: dispatches to 0x0000000114d59e24
  0x0000000114d59584: 212c 40b9 | 4100 00b4 | 610f 018b | e003 1faa | 3f00 00eb 

  0x0000000114d59598: ;   {metadata(method data for {method} {0x000000700043f378} 'getName' '()Ljava/lang/String;' in 'java/lang/Class')}
  0x0000000114d59598: 00cc 95d2 | 8080 abf2 | 2000 c0f2 | e80f 7cb2 | e903 78b2 | 0201 899a | 0368 62f8 | 6304 0091 
  0x0000000114d595b8: 0368 22f8 | 2001 0054 

  0x0000000114d595c0: ;   {metadata(method data for {method} {0x000000700043f378} 'getName' '()Ljava/lang/String;' in 'java/lang/Class')}
  0x0000000114d595c0: 00cc 95d2 | 8080 abf2 | 2000 c0f2 | 0288 40f9 | 4204 0091 | 0288 00f9 | e003 01aa | 0c00 0014 
  0x0000000114d595e0: ;   {oop(a 'java/lang/Class'{0x000000030501dcb8} = 'kotlin/jvm/internal/Intrinsics')}
  0x0000000114d595e0: 0197 9bd2 | 21a0 a0f2 | 6100 c0f2 | e003 01aa 

  0x0000000114d595f0: ;   {metadata(method data for {method} {0x000000700043f378} 'getName' '()Ljava/lang/String;' in 'java/lang/Class')}
  0x0000000114d595f0: 02cc 95d2 | 8280 abf2 | 2200 c0f2 | 4894 40f9 | 0805 0091 | 4894 00f9 

  0x0000000114d59608: ; ImmutableOopMap {[160]=Oop [152]=Oop [184]=Oop [176]=Oop [168]=Oop }
                      ;*invokevirtual initClassName {reexecute=0 rethrow=0 return_oop=0}
                      ; - java.lang.Class::getName@14 (line 863)
                      ; - kotlin.jvm.internal.Intrinsics::sanitizeStackTrace@3 (line 253)
                      ; - kotlin.jvm.internal.Intrinsics::throwParameterIsNullNPE@11 (line 140)
                      ; - kotlin.jvm.internal.Intrinsics::checkNotNullParameter@5 (line 131)
                      ; - org.jetbrains.skia.Canvas::drawPicture@4
                      ;   {optimized virtual_call}
  0x0000000114d59608: 3e2e 9795 | e14f 40f9 | 3201 0014 

  0x0000000114d59614: ;   {oop(a 'org/jetbrains/skia/impl/Stats'{0x0000000305039d58})}
  0x0000000114d59614: 01ab 93d2 | 61a0 a0f2 | 6100 c0f2 | e003 01aa 

  0x0000000114d59624: ;   {metadata(method data for {method} {0x000000015c56c0a8} 'drawPicture' '(Lorg/jetbrains/skia/Picture;Lorg/jetbrains/skia/Matrix33;Lorg/jetbrains/skia/Paint;)Lorg/jetbrains/skia/Canvas;' in 'org/jetbrains/skia/Canvas')}
  0x0000000114d59624: 026e 92d2 | c2da abf2 | 2200 c0f2 | 4880 40f9 | 0805 0091 | 4880 00f9 

  0x0000000114d5963c: ; ImmutableOopMap {[160]=Oop [184]=Oop [176]=Oop [168]=Oop }
                      ;*invokevirtual onNativeCall {reexecute=0 rethrow=0 return_oop=0}
                      ; - org.jetbrains.skia.Canvas::drawPicture@10 (line 568)
                      ;   {optimized virtual_call}
  0x0000000114d5963c: 0561 b995 | e10b 4aa9 | e003 01aa 

  0x0000000114d59648: ;   {metadata(method data for {method} {0x000000015c56c0a8} 'drawPicture' '(Lorg/jetbrains/skia/Picture;Lorg/jetbrains/skia/Matrix33;Lorg/jetbrains/skia/Paint;)Lorg/jetbrains/skia/Canvas;' in 'org/jetbrains/skia/Canvas')}
  0x0000000114d59648: 036e 92d2 | c3da abf2 | 2300 c0f2 | 68b8 40f9 | 0805 0091 | 68b8 00f9 | 2008 40f9 

  0x0000000114d59664: ;   {metadata(method data for {method} {0x000000015c56c0a8} 'drawPicture' '(Lorg/jetbrains/skia/Picture;Lorg/jetbrains/skia/Matrix33;Lorg/jetbrains/skia/Paint;)Lorg/jetbrains/skia/Canvas;' in 'org/jetbrains/skia/Canvas')}
  0x0000000114d59664: 036e 92d2 | c3da abf2 | 2300 c0f2 | 68f0 40f9 | 0805 0091 | 68f0 00f9 

  0x0000000114d5967c: ;   {metadata(method data for {method} {0x000000015cd97748} 'getPtr' '(Lorg/jetbrains/skia/impl/Native;)J' in 'org/jetbrains/skia/impl/NativeKt')}
  0x0000000114d5967c: 033f 9cd2 | 83cf abf2 | 2300 c0f2 | 64ac 40b9 | 8408 0011 | 64ac 00b9 | 844c 1f12 | 9f00 0071 
  0x0000000114d5969c: 603c 0054 | e303 1faa | 5f00 03eb 

  0x0000000114d596a8: ;   {metadata(method data for {method} {0x000000015cd97748} 'getPtr' '(Lorg/jetbrains/skia/impl/Native;)J' in 'org/jetbrains/skia/impl/NativeKt')}
  0x0000000114d596a8: 033f 9cd2 | 83cf abf2 | 2300 c0f2 | e80f 7cb2 | e903 78b2 | 0401 899a | 6568 64f8 | a504 0091 
  0x0000000114d596c8: 6568 24f8 | 2002 0054 

  0x0000000114d596d0: ; implicit exception: dispatches to 0x0000000114d59e48
  0x0000000114d596d0: 5f00 40f9 | e303 02aa 

  0x0000000114d596d8: ;   {metadata(method data for {method} {0x000000015cd97748} 'getPtr' '(Lorg/jetbrains/skia/impl/Native;)J' in 'org/jetbrains/skia/impl/NativeKt')}
  0x0000000114d596d8: 043f 9cd2 | 84cf abf2 | 2400 c0f2 | 8888 40f9 | 0805 0091 | 8888 00f9 | 4308 40f9 

  0x0000000114d596f4: ;   {metadata(method data for {method} {0x000000015cd97748} 'getPtr' '(Lorg/jetbrains/skia/impl/Native;)J' in 'org/jetbrains/skia/impl/NativeKt')}
  0x0000000114d596f4: 043f 9cd2 | 84cf abf2 | 2400 c0f2 | 85a4 40f9 | a504 0091 | 85a4 00f9 | 1400 0014 

  0x0000000114d59710: ;   {oop(a 'org/jetbrains/skia/impl/Native$Companion'{0x0000000305039d68})}
  0x0000000114d59710: 03ad 93d2 | 63a0 a0f2 | 6300 c0f2 

  0x0000000114d5971c: ;   {metadata(method data for {method} {0x000000015cd97748} 'getPtr' '(Lorg/jetbrains/skia/impl/Native;)J' in 'org/jetbrains/skia/impl/NativeKt')}
  0x0000000114d5971c: 043f 9cd2 | 84cf abf2 | 2400 c0f2 | 88b0 40f9 | 0805 0091 | 88b0 00f9 

  0x0000000114d59734: ;   {metadata(method data for {method} {0x000000015c51f4f0} 'getNullPointer' '()J' in 'org/jetbrains/skia/impl/Native$Companion')}
  0x0000000114d59734: 03e4 9ad2 | e3cd abf2 | 2300 c0f2 | 64ac 40b9 | 8408 0011 | 64ac 00b9 | 844c 1f12 | 9f00 0071 
  0x0000000114d59754: c037 0054 | 0300 80d2 | e45b 40f9 | e503 1faa | 9f00 05eb 

  0x0000000114d59768: ;   {metadata(method data for {method} {0x000000015c56c0a8} 'drawPicture' '(Lorg/jetbrains/skia/Picture;Lorg/jetbrains/skia/Matrix33;Lorg/jetbrains/skia/Paint;)Lorg/jetbrains/skia/Canvas;' in 'org/jetbrains/skia/Canvas')}
  0x0000000114d59768: 056e 92d2 | c5da abf2 | 2500 c0f2 | e813 7cb2 | e903 77b2 | 0601 899a | a768 66f8 | e704 0091 
  0x0000000114d59788: a768 26f8 | e00f 0ca9 | a001 0054 | e103 04aa | e9ff 9fd2 | e9ff bff2 | e9ff dff2 

  0x0000000114d597a4: ; ImmutableOopMap {[184]=Oop [168]=Oop [160]=Oop }
                      ;*invokevirtual getMat {reexecute=0 rethrow=0 return_oop=0}
                      ; - org.jetbrains.skia.Canvas::drawPicture@46 (line 571)
                      ;   {virtual_call}
  0x0000000114d597a4: 972e 9795 

  0x0000000114d597a8: ;   {metadata(method data for {method} {0x000000015c56c0a8} 'drawPicture' '(Lorg/jetbrains/skia/Picture;Lorg/jetbrains/skia/Matrix33;Lorg/jetbrains/skia/Paint;)Lorg/jetbrains/skia/Canvas;' in 'org/jetbrains/skia/Canvas')}
  0x0000000114d597a8: 016e 92d2 | c1da abf2 | 2100 c0f2 | 2224 41f9 | 4204 0091 | 2224 01f9 | 0200 0014 | e003 1faa 
  0x0000000114d597c8: e45f 40f9 

  0x0000000114d597cc: ;   {oop(a 'org/jetbrains/skia/impl/theScope'{0x0000000305627bb0})}
  0x0000000114d597cc: 0176 8fd2 | 41ac a0f2 | 6100 c0f2 

  0x0000000114d597d8: ;   {metadata(method data for {method} {0x000000015c56c0a8} 'drawPicture' '(Lorg/jetbrains/skia/Picture;Lorg/jetbrains/skia/Matrix33;Lorg/jetbrains/skia/Paint;)Lorg/jetbrains/skia/Canvas;' in 'org/jetbrains/skia/Canvas')}
  0x0000000114d597d8: 026e 92d2 | c2da abf2 | 2200 c0f2 | 4830 41f9 | 0805 0091 | 4830 01f9 

  0x0000000114d597f0: ;   {metadata(method data for {method} {0x000000015cd957c8} 'toInterop' '([F)Ljava/lang/Object;' in 'org/jetbrains/skia/impl/InteropScope')}
  0x0000000114d597f0: 0103 96d2 | 21d4 abf2 | 2100 c0f2 | 22ac 40b9 | 4208 0011 | 22ac 00b9 | 424c 1f12 | 5f00 0071 
  0x0000000114d59810: e032 0054 

  0x0000000114d59814: ;   {metadata(method data for {method} {0x000000015c56c0a8} 'drawPicture' '(Lorg/jetbrains/skia/Picture;Lorg/jetbrains/skia/Matrix33;Lorg/jetbrains/skia/Paint;)Lorg/jetbrains/skia/Canvas;' in 'org/jetbrains/skia/Canvas')}
  0x0000000114d59814: 016e 92d2 | c1da abf2 | 2100 c0f2 | 2868 41f9 | 0805 0091 | 2868 01f9 

  0x0000000114d5982c: ;   {metadata(method data for {method} {0x000000015cd97748} 'getPtr' '(Lorg/jetbrains/skia/impl/Native;)J' in 'org/jetbrains/skia/impl/NativeKt')}
  0x0000000114d5982c: 013f 9cd2 | 81cf abf2 | 2100 c0f2 | 22ac 40b9 | 4208 0011 | 22ac 00b9 | 424c 1f12 | 5f00 0071 
  0x0000000114d5984c: 0032 0054 | e103 1faa | 9f00 01eb 

  0x0000000114d59858: ;   {metadata(method data for {method} {0x000000015cd97748} 'getPtr' '(Lorg/jetbrains/skia/impl/Native;)J' in 'org/jetbrains/skia/impl/NativeKt')}
  0x0000000114d59858: 013f 9cd2 | 81cf abf2 | 2100 c0f2 | e80f 7cb2 | e903 78b2 | 0201 899a | 2368 62f8 | 6304 0091 
  0x0000000114d59878: 2368 22f8 | 4002 0054 

  0x0000000114d59880: ; implicit exception: dispatches to 0x0000000114d59eac
  0x0000000114d59880: 9f00 40f9 | e103 04aa 

  0x0000000114d59888: ;   {metadata(method data for {method} {0x000000015cd97748} 'getPtr' '(Lorg/jetbrains/skia/impl/Native;)J' in 'org/jetbrains/skia/impl/NativeKt')}
  0x0000000114d59888: 023f 9cd2 | 82cf abf2 | 2200 c0f2 | 4888 40f9 | 0805 0091 | 4888 00f9 | 8108 40f9 

  0x0000000114d598a4: ;   {metadata(method data for {method} {0x000000015cd97748} 'getPtr' '(Lorg/jetbrains/skia/impl/Native;)J' in 'org/jetbrains/skia/impl/NativeKt')}
  0x0000000114d598a4: 023f 9cd2 | 82cf abf2 | 2200 c0f2 | 43a4 40f9 | 6304 0091 | 43a4 00f9 | e503 01aa | 1400 0014 
  0x0000000114d598c4: ;   {oop(a 'org/jetbrains/skia/impl/Native$Companion'{0x0000000305039d68})}
  0x0000000114d598c4: 01ad 93d2 | 61a0 a0f2 | 6100 c0f2 

  0x0000000114d598d0: ;   {metadata(method data for {method} {0x000000015cd97748} 'getPtr' '(Lorg/jetbrains/skia/impl/Native;)J' in 'org/jetbrains/skia/impl/NativeKt')}
  0x0000000114d598d0: 023f 9cd2 | 82cf abf2 | 2200 c0f2 | 48b0 40f9 | 0805 0091 | 48b0 00f9 

  0x0000000114d598e8: ;   {metadata(method data for {method} {0x000000015c51f4f0} 'getNullPointer' '()J' in 'org/jetbrains/skia/impl/Native$Companion')}
  0x0000000114d598e8: 01e4 9ad2 | e1cd abf2 | 2100 c0f2 | 22ac 40b9 | 4208 0011 | 22ac 00b9 | 424c 1f12 | 5f00 0071 
  0x0000000114d59908: 402d 0054 | 0500 80d2 | e10f 4ca9 

  0x0000000114d59914: ;   {metadata(method data for {method} {0x000000015c56c0a8} 'drawPicture' '(Lorg/jetbrains/skia/Picture;Lorg/jetbrains/skia/Matrix33;Lorg/jetbrains/skia/Paint;)Lorg/jetbrains/skia/Canvas;' in 'org/jetbrains/skia/Canvas')}
  0x0000000114d59914: 026e 92d2 | c2da abf2 | 2200 c0f2 | 4870 41f9 | 0805 0091 | 4870 01f9 | e203 03aa | e303 00aa 
  0x0000000114d59934: e403 05aa 

  0x0000000114d59938: ; ImmutableOopMap {[168]=Oop [160]=Oop [184]=Oop }
                      ;*invokestatic access$_nDrawPicture {reexecute=0 rethrow=0 return_oop=0}
                      ; - org.jetbrains.skia.Canvas::drawPicture@64 (line 571)
                      ;   {static_call}
  0x0000000114d59938: 22fd ff97 

  0x0000000114d5993c: ;   {metadata(method data for {method} {0x000000015c56c0a8} 'drawPicture' '(Lorg/jetbrains/skia/Picture;Lorg/jetbrains/skia/Matrix33;Lorg/jetbrains/skia/Paint;)Lorg/jetbrains/skia/Canvas;' in 'org/jetbrains/skia/Canvas')}
  0x0000000114d5993c: 006e 92d2 | c0da abf2 | 2000 c0f2 | 0878 41f9 | 0805 0091 | 0878 01f9 

  0x0000000114d59954: ;   {metadata(method data for {method} {0x000000015cd1c368} 'reachabilityBarrier' '(Ljava/lang/Object;)V' in 'org/jetbrains/skia/impl/Native_jvmKt')}
  0x0000000114d59954: 0000 90d2 | 80c8 abf2 | 2000 c0f2 | 01ac 40b9 | 2108 0011 | 01ac 00b9 | 214c 1f12 | 3f00 0071 
  0x0000000114d59974: e02a 0054 

  0x0000000114d59978: ;   {metadata(method data for {method} {0x000000015cd1c368} 'reachabilityBarrier' '(Ljava/lang/Object;)V' in 'org/jetbrains/skia/impl/Native_jvmKt')}
  0x0000000114d59978: 0000 90d2 | 80c8 abf2 | 2000 c0f2 | 0878 40f9 | 0805 0091 | 0878 00f9 

  0x0000000114d59990: ;   {metadata(method data for {method} {0x000000700004f4d0} 'reachabilityFence' '(Ljava/lang/Object;)V' in 'java/lang/ref/Reference')}
  0x0000000114d59990: 0014 92d2 | 8080 abf2 | 2000 c0f2 | 01ac 40b9 | 2108 0011 | 01ac 00b9 | 214c 1f12 | 3f00 0071 
  0x0000000114d599b0: 002a 0054 

  0x0000000114d599b4: ;   {metadata(method data for {method} {0x000000015c56c0a8} 'drawPicture' '(Lorg/jetbrains/skia/Picture;Lorg/jetbrains/skia/Matrix33;Lorg/jetbrains/skia/Paint;)Lorg/jetbrains/skia/Canvas;' in 'org/jetbrains/skia/Canvas')}
  0x0000000114d599b4: 006e 92d2 | c0da abf2 | 2000 c0f2 | 0880 41f9 | 0805 0091 | 0880 01f9 

  0x0000000114d599cc: ;   {metadata(method data for {method} {0x000000015cd1c368} 'reachabilityBarrier' '(Ljava/lang/Object;)V' in 'org/jetbrains/skia/impl/Native_jvmKt')}
  0x0000000114d599cc: 0000 90d2 | 80c8 abf2 | 2000 c0f2 | 01ac 40b9 | 2108 0011 | 01ac 00b9 | 214c 1f12 | 3f00 0071 
  0x0000000114d599ec: 2029 0054 

  0x0000000114d599f0: ;   {metadata(method data for {method} {0x000000015cd1c368} 'reachabilityBarrier' '(Ljava/lang/Object;)V' in 'org/jetbrains/skia/impl/Native_jvmKt')}
  0x0000000114d599f0: 0000 90d2 | 80c8 abf2 | 2000 c0f2 | 0878 40f9 | 0805 0091 | 0878 00f9 

  0x0000000114d59a08: ;   {metadata(method data for {method} {0x000000700004f4d0} 'reachabilityFence' '(Ljava/lang/Object;)V' in 'java/lang/ref/Reference')}
  0x0000000114d59a08: 0014 92d2 | 8080 abf2 | 2000 c0f2 | 01ac 40b9 | 2108 0011 | 01ac 00b9 | 214c 1f12 | 3f00 0071 
  0x0000000114d59a28: 4028 0054 

  0x0000000114d59a2c: ;   {metadata(method data for {method} {0x000000015c56c0a8} 'drawPicture' '(Lorg/jetbrains/skia/Picture;Lorg/jetbrains/skia/Matrix33;Lorg/jetbrains/skia/Paint;)Lorg/jetbrains/skia/Canvas;' in 'org/jetbrains/skia/Canvas')}
  0x0000000114d59a2c: 006e 92d2 | c0da abf2 | 2000 c0f2 | 0888 41f9 | 0805 0091 | 0888 01f9 

  0x0000000114d59a44: ;   {metadata(method data for {method} {0x000000015cd1c368} 'reachabilityBarrier' '(Ljava/lang/Object;)V' in 'org/jetbrains/skia/impl/Native_jvmKt')}
  0x0000000114d59a44: 0000 90d2 | 80c8 abf2 | 2000 c0f2 | 01ac 40b9 | 2108 0011 | 01ac 00b9 | 214c 1f12 | 3f00 0071 
  0x0000000114d59a64: 6027 0054 

  0x0000000114d59a68: ;   {metadata(method data for {method} {0x000000015cd1c368} 'reachabilityBarrier' '(Ljava/lang/Object;)V' in 'org/jetbrains/skia/impl/Native_jvmKt')}
  0x0000000114d59a68: 0000 90d2 | 80c8 abf2 | 2000 c0f2 | 0878 40f9 | 0805 0091 | 0878 00f9 

  0x0000000114d59a80: ;   {metadata(method data for {method} {0x000000700004f4d0} 'reachabilityFence' '(Ljava/lang/Object;)V' in 'java/lang/ref/Reference')}
  0x0000000114d59a80: 0014 92d2 | 8080 abf2 | 2000 c0f2 | 01ac 40b9 | 2108 0011 | 01ac 00b9 | 214c 1f12 | 3f00 0071 
  0x0000000114d59aa0: 8026 0054 

  0x0000000114d59aa4: ;   {metadata(method data for {method} {0x000000015c56c0a8} 'drawPicture' '(Lorg/jetbrains/skia/Picture;Lorg/jetbrains/skia/Matrix33;Lorg/jetbrains/skia/Paint;)Lorg/jetbrains/skia/Canvas;' in 'org/jetbrains/skia/Canvas')}
  0x0000000114d59aa4: 006e 92d2 | c0da abf2 | 2000 c0f2 | 0190 41f9 | 2104 0091 | 0190 01f9 | e053 40f9 | fd7b 4ea9 
  0x0000000114d59ac4: ffc3 0391 

  0x0000000114d59ac8: ;   {poll_return}
  0x0000000114d59ac8: 88a3 41f9 | ff63 28eb | 0826 0054 | c003 5fd6 

  0x0000000114d59ad8: ;   {metadata(method data for {method} {0x000000015c406de8} 'sanitizeStackTrace' '(Ljava/lang/Throwable;)Ljava/lang/Throwable;' in 'kotlin/jvm/internal/Intrinsics')}
  0x0000000114d59ad8: 02d4 90d2 | 428b abf2 | 2200 c0f2 | 4894 40f9 | 0805 0091 | 4894 00f9 | e203 00aa 

  0x0000000114d59af4: ; ImmutableOopMap {[168]=Oop [184]=Oop [160]=Oop [176]=Oop }
                      ;*invokestatic sanitizeStackTrace {reexecute=0 rethrow=0 return_oop=0}
                      ; - kotlin.jvm.internal.Intrinsics::sanitizeStackTrace@6 (line 253)
                      ; - kotlin.jvm.internal.Intrinsics::throwParameterIsNullNPE@11 (line 140)
                      ; - kotlin.jvm.internal.Intrinsics::checkNotNullParameter@5 (line 131)
                      ; - org.jetbrains.skia.Canvas::drawPicture@4
                      ;   {static_call}
  0x0000000114d59af4: 832e 9795 | e35b 40f9 | 0001 00b5 

  0x0000000114d59b00: ;   {metadata(method data for {method} {0x000000015c405e08} 'throwParameterIsNullNPE' '(Ljava/lang/String;)V' in 'kotlin/jvm/internal/Intrinsics')}
  0x0000000114d59b00: 0400 90d2 | 448b abf2 | 2400 c0f2 | 8864 4439 | 0801 40b2 | 8864 0439 | 3700 0014 

  0x0000000114d59b1c: ;   {metadata('java/lang/NullPointerException')}
  0x0000000114d59b1c: 02ab 97d2 | e200 a0f2 | 020e c0f2 | 0408 40b9 | 8408 5cd2 | 8828 40f9 | 5f00 08eb | e104 0054 
  0x0000000114d59b3c: ;   {metadata(method data for {method} {0x000000015c405e08} 'throwParameterIsNullNPE' '(Ljava/lang/String;)V' in 'kotlin/jvm/internal/Intrinsics')}
  0x0000000114d59b3c: 0400 90d2 | 448b abf2 | 2400 c0f2 | 0208 40b9 | 4208 5cd2 | 89c0 0491 | 2801 40f9 | 5f00 08eb 
  0x0000000114d59b5c: a100 0054 | 889c 40f9 | 0805 0091 | 889c 00f9 | 2200 0014 | 8900 0591 | 2801 40f9 | 5f00 08eb 
  0x0000000114d59b7c: a100 0054 | 88a4 40f9 | 0805 0091 | 88a4 00f9 | 1a00 0014 | 89c0 0491 | 2801 40f9 | c800 00b5 
  0x0000000114d59b9c: 2201 00f9 | e803 40b2 | 89e0 0491 | 2801 00f9 | 1200 0014 | 8900 0591 | 2801 40f9 | c800 00b5 
  0x0000000114d59bbc: 2201 00f9 | e803 40b2 | 8920 0591 | 2801 00f9 | 0a00 0014 | 0900 0014 

  0x0000000114d59bd4: ;   {metadata(method data for {method} {0x000000015c405e08} 'throwParameterIsNullNPE' '(Ljava/lang/String;)V' in 'kotlin/jvm/internal/Intrinsics')}
  0x0000000114d59bd4: 0400 90d2 | 448b abf2 | 2400 c0f2 | 8890 40f9 | 0805 00d1 | 8890 00f9 | ec00 0014 | 0100 0014 
  0x0000000114d59bf4: ; implicit exception: dispatches to 0x0000000114d59fa4
  0x0000000114d59bf4: 1f00 40f9 | 2101 0014 | 80eb 41f9 | 9feb 01f9 | 9fef 01f9 | e45f 40f9 | e10b 4aa9 

  0x0000000114d59c10: ;   {metadata(method data for {method} {0x000000015c56c0a8} 'drawPicture' '(Lorg/jetbrains/skia/Picture;Lorg/jetbrains/skia/Matrix33;Lorg/jetbrains/skia/Paint;)Lorg/jetbrains/skia/Canvas;' in 'org/jetbrains/skia/Canvas')}
  0x0000000114d59c10: 036e 92d2 | c3da abf2 | 2300 c0f2 | 689c 41f9 | 0805 0091 | 689c 01f9 

  0x0000000114d59c28: ;   {metadata(method data for {method} {0x000000015cd1c368} 'reachabilityBarrier' '(Ljava/lang/Object;)V' in 'org/jetbrains/skia/impl/Native_jvmKt')}
  0x0000000114d59c28: 0300 90d2 | 83c8 abf2 | 2300 c0f2 | 65ac 40b9 | a508 0011 | 65ac 00b9 | a54c 1f12 | bf00 0071 
  0x0000000114d59c48: 001b 0054 

  0x0000000114d59c4c: ;   {metadata(method data for {method} {0x000000015cd1c368} 'reachabilityBarrier' '(Ljava/lang/Object;)V' in 'org/jetbrains/skia/impl/Native_jvmKt')}
  0x0000000114d59c4c: 0100 90d2 | 81c8 abf2 | 2100 c0f2 | 2878 40f9 | 0805 0091 | 2878 00f9 

  0x0000000114d59c64: ;   {metadata(method data for {method} {0x000000700004f4d0} 'reachabilityFence' '(Ljava/lang/Object;)V' in 'java/lang/ref/Reference')}
  0x0000000114d59c64: 0114 92d2 | 8180 abf2 | 2100 c0f2 | 23ac 40b9 | 6308 0011 | 23ac 00b9 | 634c 1f12 | 7f00 0071 
  0x0000000114d59c84: 201a 0054 

  0x0000000114d59c88: ;   {metadata(method data for {method} {0x000000015c56c0a8} 'drawPicture' '(Lorg/jetbrains/skia/Picture;Lorg/jetbrains/skia/Matrix33;Lorg/jetbrains/skia/Paint;)Lorg/jetbrains/skia/Canvas;' in 'org/jetbrains/skia/Canvas')}
  0x0000000114d59c88: 016e 92d2 | c1da abf2 | 2100 c0f2 | 28a4 41f9 | 0805 0091 | 28a4 01f9 

  0x0000000114d59ca0: ;   {metadata(method data for {method} {0x000000015cd1c368} 'reachabilityBarrier' '(Ljava/lang/Object;)V' in 'org/jetbrains/skia/impl/Native_jvmKt')}
  0x0000000114d59ca0: 0100 90d2 | 81c8 abf2 | 2100 c0f2 | 23ac 40b9 | 6308 0011 | 23ac 00b9 | 634c 1f12 | 7f00 0071 
  0x0000000114d59cc0: 4019 0054 

  0x0000000114d59cc4: ;   {metadata(method data for {method} {0x000000015cd1c368} 'reachabilityBarrier' '(Ljava/lang/Object;)V' in 'org/jetbrains/skia/impl/Native_jvmKt')}
  0x0000000114d59cc4: 0100 90d2 | 81c8 abf2 | 2100 c0f2 | 2878 40f9 | 0805 0091 | 2878 00f9 

  0x0000000114d59cdc: ;   {metadata(method data for {method} {0x000000700004f4d0} 'reachabilityFence' '(Ljava/lang/Object;)V' in 'java/lang/ref/Reference')}
  0x0000000114d59cdc: 0114 92d2 | 8180 abf2 | 2100 c0f2 | 22ac 40b9 | 4208 0011 | 22ac 00b9 | 424c 1f12 | 5f00 0071 
  0x0000000114d59cfc: 6018 0054 

  0x0000000114d59d00: ;   {metadata(method data for {method} {0x000000015c56c0a8} 'drawPicture' '(Lorg/jetbrains/skia/Picture;Lorg/jetbrains/skia/Matrix33;Lorg/jetbrains/skia/Paint;)Lorg/jetbrains/skia/Canvas;' in 'org/jetbrains/skia/Canvas')}
  0x0000000114d59d00: 016e 92d2 | c1da abf2 | 2100 c0f2 | 28ac 41f9 | 0805 0091 | 28ac 01f9 

  0x0000000114d59d18: ;   {metadata(method data for {method} {0x000000015cd1c368} 'reachabilityBarrier' '(Ljava/lang/Object;)V' in 'org/jetbrains/skia/impl/Native_jvmKt')}
  0x0000000114d59d18: 0100 90d2 | 81c8 abf2 | 2100 c0f2 | 22ac 40b9 | 4208 0011 | 22ac 00b9 | 424c 1f12 | 5f00 0071 
  0x0000000114d59d38: 8017 0054 

  0x0000000114d59d3c: ;   {metadata(method data for {method} {0x000000015cd1c368} 'reachabilityBarrier' '(Ljava/lang/Object;)V' in 'org/jetbrains/skia/impl/Native_jvmKt')}
  0x0000000114d59d3c: 0100 90d2 | 81c8 abf2 | 2100 c0f2 | 2878 40f9 | 0805 0091 | 2878 00f9 

  0x0000000114d59d54: ;   {metadata(method data for {method} {0x000000700004f4d0} 'reachabilityFence' '(Ljava/lang/Object;)V' in 'java/lang/ref/Reference')}
  0x0000000114d59d54: 0114 92d2 | 8180 abf2 | 2100 c0f2 | 22ac 40b9 | 4208 0011 | 22ac 00b9 | 424c 1f12 | 5f00 0071 
  0x0000000114d59d74: a016 0054 | c100 0014 

  0x0000000114d59d7c: ;   {metadata({method} {0x000000015c56c0a8} 'drawPicture' '(Lorg/jetbrains/skia/Picture;Lorg/jetbrains/skia/Matrix33;Lorg/jetbrains/skia/Paint;)Lorg/jetbrains/skia/Canvas;' in 'org/jetbrains/skia/Canvas')}
  0x0000000114d59d7c: 0815 98d2 | c88a abf2 | 2800 c0f2 | e807 00f9 | 0800 8092 | e803 00f9 

  0x0000000114d59d94: ; ImmutableOopMap {c_rarg1=Oop [160]=Oop c_rarg2=Oop [168]=Oop c_rarg3=Oop [176]=Oop c_rarg4=Oop [184]=Oop }
                      ;*synchronization entry
                      ; - org.jetbrains.skia.Canvas::drawPicture@-1
                      ;   {runtime_call counter_overflow Runtime1 stub}
  0x0000000114d59d94: dbff 9995 | 8afd ff17 

  0x0000000114d59d9c: ;   {metadata({method} {0x000000015c405c98} 'checkNotNullParameter' '(Ljava/lang/Object;Ljava/lang/String;)V' in 'kotlin/jvm/internal/Intrinsics')}
  0x0000000114d59d9c: 0893 8bd2 | 0888 abf2 | 2800 c0f2 | e807 00f9 | 0800 8092 | e803 00f9 

  0x0000000114d59db4: ; ImmutableOopMap {c_rarg1=Oop [160]=Oop c_rarg2=Oop [168]=Oop c_rarg3=Oop [176]=Oop c_rarg4=Oop [184]=Oop }
                      ;*synchronization entry
                      ; - kotlin.jvm.internal.Intrinsics::checkNotNullParameter@-1 (line 130)
                      ; - org.jetbrains.skia.Canvas::drawPicture@4
                      ;   {runtime_call counter_overflow Runtime1 stub}
  0x0000000114d59db4: d3ff 9995 | 91fd ff17 

  0x0000000114d59dbc: ;   {metadata({method} {0x000000015c405e08} 'throwParameterIsNullNPE' '(Ljava/lang/String;)V' in 'kotlin/jvm/internal/Intrinsics')}
  0x0000000114d59dbc: 08c1 8bd2 | 0888 abf2 | 2800 c0f2 | e807 00f9 | 0800 8092 | e803 00f9 

  0x0000000114d59dd4: ; ImmutableOopMap {[184]=Oop [176]=Oop [168]=Oop [160]=Oop }
                      ;*synchronization entry
                      ; - kotlin.jvm.internal.Intrinsics::throwParameterIsNullNPE@-1 (line 140)
                      ; - kotlin.jvm.internal.Intrinsics::checkNotNullParameter@5 (line 131)
                      ; - org.jetbrains.skia.Canvas::drawPicture@4
                      ;   {runtime_call counter_overflow Runtime1 stub}
  0x0000000114d59dd4: cbff 9995 | a4fd ff17 

  0x0000000114d59ddc: ; ImmutableOopMap {[168]=Oop [160]=Oop [176]=Oop [184]=Oop }
                      ;*new {reexecute=0 rethrow=0 return_oop=0}
                      ; - kotlin.jvm.internal.Intrinsics::throwParameterIsNullNPE@0 (line 140)
                      ; - kotlin.jvm.internal.Intrinsics::checkNotNullParameter@5 (line 131)
                      ; - org.jetbrains.skia.Canvas::drawPicture@4
                      ;   {runtime_call fast_new_instance Runtime1 stub}
  0x0000000114d59ddc: 89ee 9995 | b1fd ff17 

  0x0000000114d59de4: ;   {metadata({method} {0x000000015c406de8} 'sanitizeStackTrace' '(Ljava/lang/Throwable;)Ljava/lang/Throwable;' in 'kotlin/jvm/internal/Intrinsics')}
  0x0000000114d59de4: 08bd 8dd2 | 0888 abf2 | 2800 c0f2 | e807 00f9 | 0800 8092 | e803 00f9 

  0x0000000114d59dfc: ; ImmutableOopMap {[160]=Oop [152]=Oop [184]=Oop [176]=Oop [168]=Oop }
                      ;*synchronization entry
                      ; - kotlin.jvm.internal.Intrinsics::sanitizeStackTrace@-1 (line 253)
                      ; - kotlin.jvm.internal.Intrinsics::throwParameterIsNullNPE@11 (line 140)
                      ; - kotlin.jvm.internal.Intrinsics::checkNotNullParameter@5 (line 131)
                      ; - org.jetbrains.skia.Canvas::drawPicture@4
                      ;   {runtime_call counter_overflow Runtime1 stub}
  0x0000000114d59dfc: c1ff 9995 | cefd ff17 

  0x0000000114d59e04: ;   {metadata({method} {0x000000700043f378} 'getName' '()Ljava/lang/String;' in 'java/lang/Class')}
  0x0000000114d59e04: 086f 9ed2 | 6808 a0f2 | 080e c0f2 | e807 00f9 | 0800 8092 | e803 00f9 

  0x0000000114d59e1c: ; ImmutableOopMap {[160]=Oop [152]=Oop [184]=Oop [176]=Oop [168]=Oop c_rarg1=Oop }
                      ;*synchronization entry
                      ; - java.lang.Class::getName@-1 (line 862)
                      ; - kotlin.jvm.internal.Intrinsics::sanitizeStackTrace@3 (line 253)
                      ; - kotlin.jvm.internal.Intrinsics::throwParameterIsNullNPE@11 (line 140)
                      ; - kotlin.jvm.internal.Intrinsics::checkNotNullParameter@5 (line 131)
                      ; - org.jetbrains.skia.Canvas::drawPicture@4
                      ;   {runtime_call counter_overflow Runtime1 stub}
  0x0000000114d59e1c: b9ff 9995 | d9fd ff17 

  0x0000000114d59e24: ; ImmutableOopMap {[160]=Oop [152]=Oop [184]=Oop [176]=Oop [168]=Oop }
                      ;*getfield name {reexecute=1 rethrow=0 return_oop=0}
                      ; - (reexecute) java.lang.Class::getName@1 (line 862)
                      ; - kotlin.jvm.internal.Intrinsics::sanitizeStackTrace@3 (line 253)
                      ; - kotlin.jvm.internal.Intrinsics::throwParameterIsNullNPE@11 (line 140)
                      ; - kotlin.jvm.internal.Intrinsics::checkNotNullParameter@5 (line 131)
                      ; - org.jetbrains.skia.Canvas::drawPicture@4
                      ;   {runtime_call throw_null_pointer_exception Runtime1 stub}
  0x0000000114d59e24: 77eb 9995 

  0x0000000114d59e28: ;   {metadata({method} {0x000000015cd97748} 'getPtr' '(Lorg/jetbrains/skia/impl/Native;)J' in 'org/jetbrains/skia/impl/NativeKt')}
  0x0000000114d59e28: 08e9 8ed2 | 289b abf2 | 2800 c0f2 | e807 00f9 | 0800 8092 | e803 00f9 

  0x0000000114d59e40: ; ImmutableOopMap {[184]=Oop [176]=Oop c_rarg1=Oop [160]=Oop c_rarg2=Oop [168]=Oop }
                      ;*synchronization entry
                      ; - org.jetbrains.skia.impl.NativeKt::getPtr@-1 (line 22)
                      ; - org.jetbrains.skia.Canvas::drawPicture@36 (line 571)
                      ;   {runtime_call counter_overflow Runtime1 stub}
  0x0000000114d59e40: b0ff 9995 | 17fe ff17 

  0x0000000114d59e48: ; ImmutableOopMap {[184]=Oop [176]=Oop c_rarg1=Oop [160]=Oop c_rarg2=Oop [168]=Oop }
                      ;*invokevirtual get_ptr$skiko {reexecute=0 rethrow=0 return_oop=0}
                      ; - org.jetbrains.skia.impl.NativeKt::getPtr@5 (line 22)
                      ; - org.jetbrains.skia.Canvas::drawPicture@36 (line 571)
                      ;   {runtime_call throw_null_pointer_exception Runtime1 stub}
  0x0000000114d59e48: 6eeb 9995 

  0x0000000114d59e4c: ;   {metadata({method} {0x000000015c51f4f0} 'getNullPointer' '()J' in 'org/jetbrains/skia/impl/Native$Companion')}
  0x0000000114d59e4c: 089e 9ed2 | 288a abf2 | 2800 c0f2 | e807 00f9 | 0800 8092 | e803 00f9 

  0x0000000114d59e64: ; ImmutableOopMap {[184]=Oop [176]=Oop c_rarg1=Oop [160]=Oop c_rarg2=Oop [168]=Oop }
                      ;*synchronization entry
                      ; - org.jetbrains.skia.impl.Native$Companion::getNullPointer@-1 (line 10)
                      ; - org.jetbrains.skia.impl.NativeKt::getPtr@15 (line 22)
                      ; - org.jetbrains.skia.Canvas::drawPicture@36 (line 571)
                      ;   {runtime_call counter_overflow Runtime1 stub}
  0x0000000114d59e64: a7ff 9995 | 3cfe ff17 

  0x0000000114d59e6c: ;   {metadata({method} {0x000000015cd957c8} 'toInterop' '([F)Ljava/lang/Object;' in 'org/jetbrains/skia/impl/InteropScope')}
  0x0000000114d59e6c: 08f9 8ad2 | 289b abf2 | 2800 c0f2 | e807 00f9 | 0800 8092 | e803 00f9 

  0x0000000114d59e84: ; ImmutableOopMap {[168]=Oop [160]=Oop c_rarg0=Oop c_rarg4=Oop [184]=Oop }
                      ;*synchronization entry
                      ; - org.jetbrains.skia.impl.InteropScope::toInterop@-1 (line 77)
                      ; - org.jetbrains.skia.Canvas::drawPicture@54 (line 571)
                      ;   {runtime_call counter_overflow Runtime1 stub}
  0x0000000114d59e84: 9fff 9995 | 63fe ff17 

  0x0000000114d59e8c: ;   {metadata({method} {0x000000015cd97748} 'getPtr' '(Lorg/jetbrains/skia/impl/Native;)J' in 'org/jetbrains/skia/impl/NativeKt')}
  0x0000000114d59e8c: 08e9 8ed2 | 289b abf2 | 2800 c0f2 | e807 00f9 | 0800 8092 | e803 00f9 

  0x0000000114d59ea4: ; ImmutableOopMap {[168]=Oop [160]=Oop c_rarg0=Oop c_rarg4=Oop [184]=Oop }
                      ;*synchronization entry
                      ; - org.jetbrains.skia.impl.NativeKt::getPtr@-1 (line 22)
                      ; - org.jetbrains.skia.Canvas::drawPicture@61 (line 571)
                      ;   {runtime_call counter_overflow Runtime1 stub}
  0x0000000114d59ea4: 97ff 9995 | 6afe ff17 

  0x0000000114d59eac: ; ImmutableOopMap {[168]=Oop [160]=Oop c_rarg0=Oop c_rarg4=Oop [184]=Oop }
                      ;*invokevirtual get_ptr$skiko {reexecute=0 rethrow=0 return_oop=0}
                      ; - org.jetbrains.skia.impl.NativeKt::getPtr@5 (line 22)
                      ; - org.jetbrains.skia.Canvas::drawPicture@61 (line 571)
                      ;   {runtime_call throw_null_pointer_exception Runtime1 stub}
  0x0000000114d59eac: 55eb 9995 

  0x0000000114d59eb0: ;   {metadata({method} {0x000000015c51f4f0} 'getNullPointer' '()J' in 'org/jetbrains/skia/impl/Native$Companion')}
  0x0000000114d59eb0: 089e 9ed2 | 288a abf2 | 2800 c0f2 | e807 00f9 | 0800 8092 | e803 00f9 

  0x0000000114d59ec8: ; ImmutableOopMap {[168]=Oop [160]=Oop c_rarg0=Oop c_rarg4=Oop [184]=Oop }
                      ;*synchronization entry
                      ; - org.jetbrains.skia.impl.Native$Companion::getNullPointer@-1 (line 10)
                      ; - org.jetbrains.skia.impl.NativeKt::getPtr@15 (line 22)
                      ; - org.jetbrains.skia.Canvas::drawPicture@61 (line 571)
                      ;   {runtime_call counter_overflow Runtime1 stub}
  0x0000000114d59ec8: 8eff 9995 | 90fe ff17 

  0x0000000114d59ed0: ;   {metadata({method} {0x000000015cd1c368} 'reachabilityBarrier' '(Ljava/lang/Object;)V' in 'org/jetbrains/skia/impl/Native_jvmKt')}
  0x0000000114d59ed0: 086d 98d2 | 289a abf2 | 2800 c0f2 | e807 00f9 | 0800 8092 | e803 00f9 

  0x0000000114d59ee8: ; ImmutableOopMap {[168]=Oop [160]=Oop [184]=Oop }
                      ;*synchronization entry
                      ; - org.jetbrains.skia.impl.Native_jvmKt::reachabilityBarrier@-1 (line 46)
                      ; - org.jetbrains.skia.Canvas::drawPicture@70 (line 574)
                      ;   {runtime_call counter_overflow Runtime1 stub}
  0x0000000114d59ee8: 86ff 9995 | a3fe ff17 

  0x0000000114d59ef0: ;   {metadata({method} {0x000000700004f4d0} 'reachabilityFence' '(Ljava/lang/Object;)V' in 'java/lang/ref/Reference')}
  0x0000000114d59ef0: 089a 9ed2 | 8800 a0f2 | 080e c0f2 | e807 00f9 | 0800 8092 | e803 00f9 

  0x0000000114d59f08: ; ImmutableOopMap {[168]=Oop [160]=Oop [184]=Oop }
                      ;*synchronization entry
                      ; - java.lang.ref.Reference::reachabilityFence@-1 (line 621)
                      ; - org.jetbrains.skia.impl.Native_jvmKt::reachabilityBarrier@1 (line 46)
                      ; - org.jetbrains.skia.Canvas::drawPicture@70 (line 574)
                      ;   {runtime_call counter_overflow Runtime1 stub}
  0x0000000114d59f08: 7eff 9995 | aafe ff17 

  0x0000000114d59f10: ;   {metadata({method} {0x000000015cd1c368} 'reachabilityBarrier' '(Ljava/lang/Object;)V' in 'org/jetbrains/skia/impl/Native_jvmKt')}
  0x0000000114d59f10: 086d 98d2 | 289a abf2 | 2800 c0f2 | e807 00f9 | 0800 8092 | e803 00f9 

  0x0000000114d59f28: ; ImmutableOopMap {[168]=Oop [160]=Oop [184]=Oop }
                      ;*synchronization entry
                      ; - org.jetbrains.skia.impl.Native_jvmKt::reachabilityBarrier@-1 (line 46)
                      ; - org.jetbrains.skia.Canvas::drawPicture@74 (line 575)
                      ;   {runtime_call counter_overflow Runtime1 stub}
  0x0000000114d59f28: 76ff 9995 | b1fe ff17 

  0x0000000114d59f30: ;   {metadata({method} {0x000000700004f4d0} 'reachabilityFence' '(Ljava/lang/Object;)V' in 'java/lang/ref/Reference')}
  0x0000000114d59f30: 089a 9ed2 | 8800 a0f2 | 080e c0f2 | e807 00f9 | 0800 8092 | e803 00f9 

  0x0000000114d59f48: ; ImmutableOopMap {[160]=Oop [184]=Oop }
                      ;*synchronization entry
                      ; - java.lang.ref.Reference::reachabilityFence@-1 (line 621)
                      ; - org.jetbrains.skia.impl.Native_jvmKt::reachabilityBarrier@1 (line 46)
                      ; - org.jetbrains.skia.Canvas::drawPicture@74 (line 575)
                      ;   {runtime_call counter_overflow Runtime1 stub}
  0x0000000114d59f48: 6eff 9995 | b8fe ff17 

  0x0000000114d59f50: ;   {metadata({method} {0x000000015cd1c368} 'reachabilityBarrier' '(Ljava/lang/Object;)V' in 'org/jetbrains/skia/impl/Native_jvmKt')}
  0x0000000114d59f50: 086d 98d2 | 289a abf2 | 2800 c0f2 | e807 00f9 | 0800 8092 | e803 00f9 

  0x0000000114d59f68: ; ImmutableOopMap {[160]=Oop [184]=Oop }
                      ;*synchronization entry
                      ; - org.jetbrains.skia.impl.Native_jvmKt::reachabilityBarrier@-1 (line 46)
                      ; - org.jetbrains.skia.Canvas::drawPicture@78 (line 576)
                      ;   {runtime_call counter_overflow Runtime1 stub}
  0x0000000114d59f68: 66ff 9995 | bffe ff17 

  0x0000000114d59f70: ;   {metadata({method} {0x000000700004f4d0} 'reachabilityFence' '(Ljava/lang/Object;)V' in 'java/lang/ref/Reference')}
  0x0000000114d59f70: 089a 9ed2 | 8800 a0f2 | 080e c0f2 | e807 00f9 | 0800 8092 | e803 00f9 

  0x0000000114d59f88: ; ImmutableOopMap {[160]=Oop }
                      ;*synchronization entry
                      ; - java.lang.ref.Reference::reachabilityFence@-1 (line 621)
                      ; - org.jetbrains.skia.impl.Native_jvmKt::reachabilityBarrier@1 (line 46)
                      ; - org.jetbrains.skia.Canvas::drawPicture@78 (line 576)
                      ;   {runtime_call counter_overflow Runtime1 stub}
  0x0000000114d59f88: 5eff 9995 | c6fe ff17 

  0x0000000114d59f90: ;   {internal_word}
  0x0000000114d59f90: c8d9 ff10 | 88af 01f9 

  0x0000000114d59f98: ;   {runtime_call SafepointBlob}
  0x0000000114d59f98: 9a44 9715 | e803 00aa 

  0x0000000114d59fa0: ; ImmutableOopMap {[168]=Oop [184]=Oop [160]=Oop c_rarg3=Oop [176]=Oop }
                      ;*checkcast {reexecute=0 rethrow=0 return_oop=0}
                      ; - kotlin.jvm.internal.Intrinsics::throwParameterIsNullNPE@14 (line 140)
                      ; - kotlin.jvm.internal.Intrinsics::checkNotNullParameter@5 (line 131)
                      ; - org.jetbrains.skia.Canvas::drawPicture@4
                      ;   {runtime_call throw_class_cast_exception Runtime1 stub}
  0x0000000114d59fa0: d8f4 9995 

  0x0000000114d59fa4: ; ImmutableOopMap {[168]=Oop [184]=Oop [160]=Oop c_rarg3=Oop [176]=Oop c_rarg0=Oop }
                      ;*athrow {reexecute=1 rethrow=0 return_oop=0}
                      ; - (reexecute) kotlin.jvm.internal.Intrinsics::throwParameterIsNullNPE@17 (line 140)
                      ; - kotlin.jvm.internal.Intrinsics::checkNotNullParameter@5 (line 131)
                      ; - org.jetbrains.skia.Canvas::drawPicture@4
                      ;   {runtime_call throw_null_pointer_exception Runtime1 stub}
  0x0000000114d59fa4: 17eb 9995 

  0x0000000114d59fa8: ;   {metadata({method} {0x000000015cd1c368} 'reachabilityBarrier' '(Ljava/lang/Object;)V' in 'org/jetbrains/skia/impl/Native_jvmKt')}
  0x0000000114d59fa8: 086d 98d2 | 289a abf2 | 2800 c0f2 | e807 00f9 | 0800 8092 | e803 00f9 

  0x0000000114d59fc0: ; ImmutableOopMap {c_rarg0=Oop c_rarg4=Oop [184]=Oop c_rarg1=Oop [160]=Oop c_rarg2=Oop [168]=Oop }
                      ;*synchronization entry
                      ; - org.jetbrains.skia.impl.Native_jvmKt::reachabilityBarrier@-1 (line 46)
                      ; - org.jetbrains.skia.Canvas::drawPicture@87 (line 574)
                      ;   {runtime_call counter_overflow Runtime1 stub}
  0x0000000114d59fc0: 50ff 9995 | 22ff ff17 

  0x0000000114d59fc8: ;   {metadata({method} {0x000000700004f4d0} 'reachabilityFence' '(Ljava/lang/Object;)V' in 'java/lang/ref/Reference')}
  0x0000000114d59fc8: 089a 9ed2 | 8800 a0f2 | 080e c0f2 | e807 00f9 | 0800 8092 | e803 00f9 

  0x0000000114d59fe0: ; ImmutableOopMap {c_rarg0=Oop c_rarg4=Oop [184]=Oop c_rarg2=Oop [168]=Oop }
                      ;*synchronization entry
                      ; - java.lang.ref.Reference::reachabilityFence@-1 (line 621)
                      ; - org.jetbrains.skia.impl.Native_jvmKt::reachabilityBarrier@1 (line 46)
                      ; - org.jetbrains.skia.Canvas::drawPicture@87 (line 574)
                      ;   {runtime_call counter_overflow Runtime1 stub}
  0x0000000114d59fe0: 48ff 9995 | 29ff ff17 

  0x0000000114d59fe8: ;   {metadata({method} {0x000000015cd1c368} 'reachabilityBarrier' '(Ljava/lang/Object;)V' in 'org/jetbrains/skia/impl/Native_jvmKt')}
  0x0000000114d59fe8: 086d 98d2 | 289a abf2 | 2800 c0f2 | e807 00f9 | 0800 8092 | e803 00f9 

  0x0000000114d5a000: ; ImmutableOopMap {c_rarg0=Oop c_rarg4=Oop [184]=Oop c_rarg2=Oop [168]=Oop }
                      ;*synchronization entry
                      ; - org.jetbrains.skia.impl.Native_jvmKt::reachabilityBarrier@-1 (line 46)
                      ; - org.jetbrains.skia.Canvas::drawPicture@91 (line 575)
                      ;   {runtime_call counter_overflow Runtime1 stub}
  0x0000000114d5a000: 40ff 9995 | 30ff ff17 

  0x0000000114d5a008: ;   {metadata({method} {0x000000700004f4d0} 'reachabilityFence' '(Ljava/lang/Object;)V' in 'java/lang/ref/Reference')}
  0x0000000114d5a008: 089a 9ed2 | 8800 a0f2 | 080e c0f2 | e807 00f9 | 0800 8092 | e803 00f9 

  0x0000000114d5a020: ; ImmutableOopMap {c_rarg0=Oop c_rarg4=Oop [184]=Oop }
                      ;*synchronization entry
                      ; - java.lang.ref.Reference::reachabilityFence@-1 (line 621)
                      ; - org.jetbrains.skia.impl.Native_jvmKt::reachabilityBarrier@1 (line 46)
                      ; - org.jetbrains.skia.Canvas::drawPicture@91 (line 575)
                      ;   {runtime_call counter_overflow Runtime1 stub}
  0x0000000114d5a020: 38ff 9995 | 37ff ff17 

  0x0000000114d5a028: ;   {metadata({method} {0x000000015cd1c368} 'reachabilityBarrier' '(Ljava/lang/Object;)V' in 'org/jetbrains/skia/impl/Native_jvmKt')}
  0x0000000114d5a028: 086d 98d2 | 289a abf2 | 2800 c0f2 | e807 00f9 | 0800 8092 | e803 00f9 

  0x0000000114d5a040: ; ImmutableOopMap {c_rarg0=Oop c_rarg4=Oop [184]=Oop }
                      ;*synchronization entry
                      ; - org.jetbrains.skia.impl.Native_jvmKt::reachabilityBarrier@-1 (line 46)
                      ; - org.jetbrains.skia.Canvas::drawPicture@95 (line 576)
                      ;   {runtime_call counter_overflow Runtime1 stub}
  0x0000000114d5a040: 30ff 9995 | 3eff ff17 

  0x0000000114d5a048: ;   {metadata({method} {0x000000700004f4d0} 'reachabilityFence' '(Ljava/lang/Object;)V' in 'java/lang/ref/Reference')}
  0x0000000114d5a048: 089a 9ed2 | 8800 a0f2 | 080e c0f2 | e807 00f9 | 0800 8092 | e803 00f9 

  0x0000000114d5a060: ; ImmutableOopMap {c_rarg0=Oop }
                      ;*synchronization entry
                      ; - java.lang.ref.Reference::reachabilityFence@-1 (line 621)
                      ; - org.jetbrains.skia.impl.Native_jvmKt::reachabilityBarrier@1 (line 46)
                      ; - org.jetbrains.skia.Canvas::drawPicture@95 (line 576)
                      ;   {runtime_call counter_overflow Runtime1 stub}
  0x0000000114d5a060: 28ff 9995 | 45ff ff17 | 1f20 03d5 | 1f20 03d5 | 80eb 41f9 | 9feb 01f9 | 9fef 01f9 | fd7b 4ea9 
  0x0000000114d5a080: ffc3 0391 

  0x0000000114d5a084: ;   {runtime_call unwind_exception Runtime1 stub}
  0x0000000114d5a084: bfb0 9715 | 0000 0000 | 0000 0000 | 0000 0000 | 0000 0000 | 0000 0000 | 0000 0000 | 0000 0000 
  0x0000000114d5a0a4: 0000 0000 | 0000 0000 | 0000 0000 | 0000 0000 | 0000 0000 | 0000 0000 | 0000 0000 
[Stub Code]
  0x0000000114d5a0c0: ;   {no_reloc}
  0x0000000114d5a0c0: df3f 03d5 

  0x0000000114d5a0c4: ;   {metadata(NULL)}
  0x0000000114d5a0c4: 0c00 80d2 | 0c00 a0f2 | 0c00 c0f2 | 0800 80d2 | 0800 a0f2 | 0800 c0f2 | 0001 1fd6 

  0x0000000114d5a0e0: ;   {trampoline_stub}
  0x0000000114d5a0e0: 4800 0058 | 0001 1fd6 | 0055 321b | 0100 0000 

  0x0000000114d5a0f0: ;   {static_stub}
  0x0000000114d5a0f0: df3f 03d5 

  0x0000000114d5a0f4: ;   {metadata(NULL)}
  0x0000000114d5a0f4: 0c00 80d2 | 0c00 a0f2 | 0c00 c0f2 | 0800 80d2 | 0800 a0f2 | 0800 c0f2 | 0001 1fd6 

  0x0000000114d5a110: ;   {trampoline_stub}
  0x0000000114d5a110: 4800 0058 | 0001 1fd6 | 004f 321b | 0100 0000 

  0x0000000114d5a120: ;   {static_stub}
  0x0000000114d5a120: df3f 03d5 

  0x0000000114d5a124: ;   {metadata(NULL)}
  0x0000000114d5a124: 0c00 80d2 | 0c00 a0f2 | 0c00 c0f2 | 0800 80d2 | 0800 a0f2 | 0800 c0f2 | 0001 1fd6 

  0x0000000114d5a140: ;   {trampoline_stub}
  0x0000000114d5a140: 4800 0058 | 0001 1fd6 | 004f 321b | 0100 0000 

  0x0000000114d5a150: ;   {static_stub}
  0x0000000114d5a150: df3f 03d5 

  0x0000000114d5a154: ;   {metadata(NULL)}
  0x0000000114d5a154: 0c00 80d2 | 0c00 a0f2 | 0c00 c0f2 | 0800 80d2 | 0800 a0f2 | 0800 c0f2 | 0001 1fd6 

  0x0000000114d5a170: ;   {trampoline_stub}
  0x0000000114d5a170: 4800 0058 | 0001 1fd6 | 501a bb1b | 0100 0000 

  0x0000000114d5a180: ;   {static_stub}
  0x0000000114d5a180: df3f 03d5 

  0x0000000114d5a184: ;   {metadata(NULL)}
  0x0000000114d5a184: 0c00 80d2 | 0c00 a0f2 | 0c00 c0f2 | 0800 80d2 | 0800 a0f2 | 0800 c0f2 | 0001 1fd6 

  0x0000000114d5a1a0: ;   {trampoline_stub}
  0x0000000114d5a1a0: 4800 0058 | 0001 1fd6 | 0052 321b | 0100 0000 

  0x0000000114d5a1b0: ;   {static_stub}
  0x0000000114d5a1b0: df3f 03d5 

  0x0000000114d5a1b4: ;   {metadata(NULL)}
  0x0000000114d5a1b4: 0c00 80d2 | 0c00 a0f2 | 0c00 c0f2 | 0800 80d2 | 0800 a0f2 | 0800 c0f2 | 0001 1fd6 

  0x0000000114d5a1d0: ;   {trampoline_stub}
  0x0000000114d5a1d0: 4800 0058 | 0001 1fd6 | c08d d514 | 0100 0000 

  0x0000000114d5a1e0: ;   {static_stub}
  0x0000000114d5a1e0: df3f 03d5 

  0x0000000114d5a1e4: ;   {metadata(NULL)}
  0x0000000114d5a1e4: 0c00 80d2 | 0c00 a0f2 | 0c00 c0f2 | 0800 80d2 | 0800 a0f2 | 0800 c0f2 | 0001 1fd6 

  0x0000000114d5a200: ;   {trampoline_stub}
  0x0000000114d5a200: 4800 0058 | 0001 1fd6 | 0055 321b | 0100 0000 
[Exception Handler]
  0x0000000114d5a210: ;   {runtime_call handle_exception_from_callee Runtime1 stub}
  0x0000000114d5a210: bcf2 9995 | c1d5 bbd4 | 0fe8 dd0b | 0100 0000 
[Deopt Handler Code]
  0x0000000114d5a220: 1e00 0010 

  0x0000000114d5a224: ;   {runtime_call DeoptimizationBlob}
  0x0000000114d5a224: c744 9715 
[/MachCode]


---------------  P R O C E S S  ---------------

Threads class SMR info:
_java_thread_list=0x0000011006d888c0, length=72, elements={
0x000000012e008a00, 0x000000012d808600, 0x000000012f00a400, 0x000000012f008200,
0x000000012f008800, 0x000000012f008e00, 0x000000012e00a200, 0x000000012e008200,
0x000000012e022000, 0x000000012b813e00, 0x0000000163008200, 0x000000012e817800,
0x000000012f00d000, 0x000000012b864c00, 0x000000012b808800, 0x000000012f1d0c00,
0x000000012e123c00, 0x000000012e124200, 0x000000012e10f200, 0x000000016292d800,
0x000000012e8d5800, 0x000000012f335c00, 0x000000012f33fa00, 0x000000012e8dfa00,
0x000000012e2d7c00, 0x000000012e2db800, 0x0000011000090000, 0x0000011000090600,
0x0000011000090c00, 0x0000011000092400, 0x0000011000092a00, 0x0000011000093000,
0x0000011000094200, 0x0000011000094800, 0x0000011000094e00, 0x00000110000a6200,
0x00000110000af800, 0x00000110000b3400, 0x00000110000b3a00, 0x00000110000b4000,
0x00000110000bf400, 0x0000011003d30000, 0x0000011003d30600, 0x0000011000099000,
0x00000110000aec00, 0x00000110000a1400, 0x0000011003d31e00, 0x0000011003d33c00,
0x0000011003d34200, 0x0000011003d34800, 0x0000011003d34e00, 0x0000011003d35400,
0x0000011003d35a00, 0x0000011003d39600, 0x0000011003d39c00, 0x0000011003d3a200,
0x0000011003d3ae00, 0x0000011003d37200, 0x0000011003d37e00, 0x0000011003d3ba00,
0x0000011003d3e400, 0x0000011003d3ea00, 0x0000011003d3f000, 0x0000011003d3f600,
0x0000011003d3fc00, 0x0000011003d40200, 0x0000011003d40e00, 0x0000011003d41400,
0x0000011003d41a00, 0x0000011003d42000, 0x0000011003d42600, 0x0000011003d42c00
}

Java Threads: ( => current thread )
  0x000000012e008a00 JavaThread "main" [_thread_blocked, id=5379, stack(0x000000016dc08000,0x000000016de0b000)]
  0x000000012d808600 JavaThread "Reference Handler" daemon [_thread_blocked, id=30979, stack(0x000000016ea5c000,0x000000016ec5f000)]
  0x000000012f00a400 JavaThread "Finalizer" daemon [_thread_blocked, id=30723, stack(0x000000016ec68000,0x000000016ee6b000)]
  0x000000012f008200 JavaThread "Signal Dispatcher" daemon [_thread_blocked, id=28931, stack(0x000000016ef8c000,0x000000016f18f000)]
  0x000000012f008800 JavaThread "Service Thread" daemon [_thread_blocked, id=24579, stack(0x000000016f198000,0x000000016f39b000)]
  0x000000012f008e00 JavaThread "Monitor Deflation Thread" daemon [_thread_blocked, id=24835, stack(0x000000016f3a4000,0x000000016f5a7000)]
  0x000000012e00a200 JavaThread "C2 CompilerThread0" daemon [_thread_blocked, id=25347, stack(0x000000016f5b0000,0x000000016f7b3000)]
  0x000000012e008200 JavaThread "C1 CompilerThread0" daemon [_thread_blocked, id=27907, stack(0x000000016f7bc000,0x000000016f9bf000)]
  0x000000012e022000 JavaThread "Sweeper thread" daemon [_thread_blocked, id=25859, stack(0x000000016f9c8000,0x000000016fbcb000)]
  0x000000012b813e00 JavaThread "Common-Cleaner" daemon [_thread_blocked, id=26115, stack(0x000000016fbd4000,0x000000016fdd7000)]
  0x0000000163008200 JavaThread "Notification Thread" daemon [_thread_blocked, id=32771, stack(0x0000000178210000,0x0000000178413000)]
  0x000000012e817800 JavaThread "AppKit Thread" daemon [_thread_in_native, id=259, stack(0x000000016d380000,0x000000016db7c000)]
  0x000000012f00d000 JavaThread "AWT-Shutdown" [_thread_blocked, id=63507, stack(0x0000000178834000,0x0000000178a37000)]
  0x000000012b864c00 JavaThread "DefaultDispatcher-worker-1" daemon [_thread_blocked, id=74243, stack(0x000000017a804000,0x000000017aa07000)]
  0x000000012b808800 JavaThread "DefaultDispatcher-worker-2" daemon [_thread_blocked, id=74499, stack(0x000000017aa10000,0x000000017ac13000)]
  0x000000012f1d0c00 JavaThread "DefaultDispatcher-worker-3" daemon [_thread_blocked, id=74755, stack(0x000000017ac1c000,0x000000017ae1f000)]
  0x000000012e123c00 JavaThread "Reference Cleaner" daemon [_thread_blocked, id=81667, stack(0x000000017ae28000,0x000000017b02b000)]
  0x000000012e124200 JavaThread "kotlinx.coroutines.DefaultExecutor" daemon [_thread_blocked, id=75779, stack(0x000000017b240000,0x000000017b443000)]
  0x000000012e10f200 JavaThread "AWT-EventQueue-0" [_thread_blocked, id=76035, stack(0x000000017b44c000,0x000000017b64f000)]
  0x000000016292d800 JavaThread "Java2D Queue Flusher" daemon [_thread_blocked, id=76827, stack(0x000000017c210000,0x000000017c413000)]
  0x000000012e8d5800 JavaThread "Java2D Disposer" daemon [_thread_blocked, id=78091, stack(0x000000017c41c000,0x000000017c61f000)]
  0x000000012f335c00 JavaThread "TimerQueue" daemon [_thread_blocked, id=129799, stack(0x000000017c628000,0x000000017c82b000)]
  0x000000012f33fa00 JavaThread "IPC Server Thread" daemon [_thread_in_native, id=98563, stack(0x0000000affc04000,0x0000000affe07000)]
  0x000000012e8dfa00 JavaThread "Chromium Process Thread" [_thread_blocked, id=98819, stack(0x0000000affe10000,0x0000000b00013000)]
  0x000000012e2d7c00 JavaThread "process reaper (pid 36729)" daemon [_thread_in_native, id=121091, stack(0x000000017feb8000,0x000000017feef000)]
  0x000000012e2db800 JavaThread "Chromium Process Logger" daemon [_thread_in_native, id=99331, stack(0x0000000b0001c000,0x0000000b0021f000)]
  0x0000011000090000 JavaThread "IPC Memory Reader Thread" [_thread_in_native, id=75271, stack(0x000000017b034000,0x000000017b0b7000)]
  0x0000011000090600 JavaThread "Browser Thread: 1b320293-e40e-4a06-81a1-b5abdb4adeb7" daemon [_thread_blocked, id=120583, stack(0x0000000b00228000,0x0000000b0042b000)]
  0x0000011000090c00 JavaThread "Socket Connection Checker: 1b320293-e40e-4a06-81a1-b5abdb4adeb7" [_thread_in_native, id=120067, stack(0x0000000b00434000,0x0000000b00637000)]
  0x0000011000092400 JavaThread "IPC Memory Reader Thread" [_thread_in_native, id=119299, stack(0x000000017b14c000,0x000000017b1cf000)]
  0x0000011000092a00 JavaThread "Network Thread: 7d3002c5-7fb0-49f6-9b55-af6303657c73" daemon [_thread_blocked, id=100099, stack(0x0000000b0084c000,0x0000000b00a4f000)]
  0x0000011000093000 JavaThread "Socket Connection Checker: 7d3002c5-7fb0-49f6-9b55-af6303657c73" [_thread_in_native, id=118787, stack(0x0000000b00a58000,0x0000000b00c5b000)]
  0x0000011000094200 JavaThread "IPC Memory Reader Thread" [_thread_in_native, id=118275, stack(0x0000000b00c64000,0x0000000b00ce7000)]
  0x0000011000094800 JavaThread "GPU Thread: 4dfb95a4-d9e7-45f8-a43b-efab7c2a8e75" daemon [_thread_blocked, id=101123, stack(0x0000000b00cf0000,0x0000000b00ef3000)]
  0x0000011000094e00 JavaThread "Socket Connection Checker: 4dfb95a4-d9e7-45f8-a43b-efab7c2a8e75" [_thread_in_native, id=117763, stack(0x0000000b00efc000,0x0000000b010ff000)]
  0x00000110000a6200 JavaThread "Browser Widget Thread" [_thread_blocked, id=116011, stack(0x0000000b07918000,0x0000000b07b1b000)]
=>0x00000110000af800 JavaThread "pool-2-thread-1" daemon [_thread_in_native, id=106759, stack(0x0000000b16c7c000,0x0000000b16e7f000)]
  0x00000110000b3400 JavaThread "IPC Memory Reader Thread" [_thread_in_native, id=110615, stack(0x0000000b091f0000,0x0000000b09273000)]
  0x00000110000b3a00 JavaThread "Render Thread: baf774a1-69aa-4133-8bcb-1d9e7a510eae" daemon [_thread_blocked, id=110339, stack(0x0000000b1e0e8000,0x0000000b1e2eb000)]
  0x00000110000b4000 JavaThread "Socket Connection Checker: baf774a1-69aa-4133-8bcb-1d9e7a510eae" [_thread_in_native, id=109827, stack(0x0000000b1e2f4000,0x0000000b1e4f7000)]
  0x00000110000bf400 JavaThread "IPC Memory Reader Thread" [_thread_in_native, id=108887, stack(0x000000017c090000,0x000000017c113000)]
  0x0000011003d30000 JavaThread "Render Thread: e795c49b-00aa-4dda-b4d6-7fe26378a537" daemon [_thread_blocked, id=107371, stack(0x0000000b05bd4000,0x0000000b05dd7000)]
  0x0000011003d30600 JavaThread "Socket Connection Checker: e795c49b-00aa-4dda-b4d6-7fe26378a537" [_thread_in_native, id=102295, stack(0x0000000b05de0000,0x0000000b05fe3000)]
  0x0000011000099000 JavaThread "IPC Memory Reader Thread" [_thread_in_native, id=102003, stack(0x0000000178160000,0x00000001781e3000)]
  0x00000110000aec00 JavaThread "Render Thread: 63680ed5-0d08-4e27-9b9a-11a48bdfc580" daemon [_thread_blocked, id=116835, stack(0x0000000b05fec000,0x0000000b061ef000)]
  0x00000110000a1400 JavaThread "Socket Connection Checker: 63680ed5-0d08-4e27-9b9a-11a48bdfc580" [_thread_in_native, id=26431, stack(0x0000000b15f64000,0x0000000b16167000)]
  0x0000011003d31e00 JavaThread "Browser Widget Thread" [_thread_blocked, id=108103, stack(0x0000000b16170000,0x0000000b16373000)]
  0x0000011003d33c00 JavaThread "IPC Memory Reader Thread" [_thread_in_native, id=131487, stack(0x0000000b0127c000,0x0000000b012ff000)]
  0x0000011003d34200 JavaThread "Render Thread: 28d4402b-6ab1-45e4-bfe7-781a4ffc2f2a" daemon [_thread_blocked, id=131079, stack(0x0000000b1637c000,0x0000000b1657f000)]
  0x0000011003d34800 JavaThread "Socket Connection Checker: 28d4402b-6ab1-45e4-bfe7-781a4ffc2f2a" [_thread_in_native, id=131843, stack(0x0000000b22bec000,0x0000000b22def000)]
  0x0000011003d34e00 JavaThread "IPC Memory Reader Thread" [_thread_in_native, id=76587, stack(0x0000000b052bc000,0x0000000b0533f000)]
  0x0000011003d35400 JavaThread "Render Thread: 2eb049b7-6ded-44a4-bca3-1340ecf9e49c" daemon [_thread_blocked, id=174339, stack(0x0000000b22df8000,0x0000000b22ffb000)]
  0x0000011003d35a00 JavaThread "Socket Connection Checker: 2eb049b7-6ded-44a4-bca3-1340ecf9e49c" [_thread_in_native, id=173827, stack(0x0000000b23004000,0x0000000b23207000)]
  0x0000011003d39600 JavaThread "IPC Memory Reader Thread" [_thread_in_native, id=132555, stack(0x0000000b16964000,0x0000000b169e7000)]
  0x0000011003d39c00 JavaThread "Render Thread: fe985358-9386-4512-b090-bd6c8b367af2" daemon [_thread_blocked, id=172599, stack(0x0000000b23a04000,0x0000000b23c07000)]
  0x0000011003d3a200 JavaThread "Socket Connection Checker: fe985358-9386-4512-b090-bd6c8b367af2" [_thread_in_native, id=133379, stack(0x0000000b23c10000,0x0000000b23e13000)]
  0x0000011003d3ae00 JavaThread "Browser Widget Thread" [_thread_blocked, id=133891, stack(0x0000000b23e1c000,0x0000000b2401f000)]
  0x0000011003d37200 JavaThread "IPC Memory Reader Thread" [_thread_in_native, id=117035, stack(0x0000000b0e0ac000,0x0000000b0e12f000)]
  0x0000011003d37e00 JavaThread "Render Thread: 56a43a0c-07bb-4b84-b0fb-8e43c76d273b" daemon [_thread_blocked, id=172963, stack(0x0000000b0e138000,0x0000000b0e33b000)]
  0x0000011003d3ba00 JavaThread "Socket Connection Checker: 56a43a0c-07bb-4b84-b0fb-8e43c76d273b" [_thread_in_native, id=134759, stack(0x0000000b0e344000,0x0000000b0e547000)]
  0x0000011003d3e400 JavaThread "IPC Memory Reader Thread" [_thread_in_native, id=134431, stack(0x0000000b0e5dc000,0x0000000b0e65f000)]
  0x0000011003d3ea00 JavaThread "Render Thread: 52e2bdc8-beb6-4d6e-9ee9-dc80ce6cbdba" daemon [_thread_blocked, id=132715, stack(0x0000000b0e668000,0x0000000b0e86b000)]
  0x0000011003d3f000 JavaThread "Socket Connection Checker: 52e2bdc8-beb6-4d6e-9ee9-dc80ce6cbdba" [_thread_in_native, id=134915, stack(0x0000000b0e874000,0x0000000b0ea77000)]
  0x0000011003d3f600 JavaThread "IPC Memory Reader Thread" [_thread_in_native, id=170819, stack(0x0000000b0eb0c000,0x0000000b0eb8f000)]
  0x0000011003d3fc00 JavaThread "Render Thread: abbc2f8c-cf43-43e2-8285-7854cb005bb1" daemon [_thread_blocked, id=135771, stack(0x0000000b0eb98000,0x0000000b0ed9b000)]
  0x0000011003d40200 JavaThread "Socket Connection Checker: abbc2f8c-cf43-43e2-8285-7854cb005bb1" [_thread_in_native, id=136451, stack(0x0000000b0eda4000,0x0000000b0efa7000)]
  0x0000011003d40e00 JavaThread "IPC Memory Reader Thread" [_thread_in_native, id=170251, stack(0x0000000b0f190000,0x0000000b0f213000)]
  0x0000011003d41400 JavaThread "Render Thread: ff1e6b53-6f03-4fa3-a495-e93786a2da8d" daemon [_thread_blocked, id=137731, stack(0x0000000b0f21c000,0x0000000b0f41f000)]
  0x0000011003d41a00 JavaThread "Socket Connection Checker: ff1e6b53-6f03-4fa3-a495-e93786a2da8d" [_thread_in_native, id=169731, stack(0x0000000b0f428000,0x0000000b0f62b000)]
  0x0000011003d42000 JavaThread "IPC Memory Reader Thread" [_thread_in_native, id=138775, stack(0x0000000b0f6c0000,0x0000000b0f743000)]
  0x0000011003d42600 JavaThread "Render Thread: ca97639e-9303-465a-8465-7a3826ee9dab" daemon [_thread_blocked, id=169219, stack(0x0000000b0f74c000,0x0000000b0f94f000)]
  0x0000011003d42c00 JavaThread "Socket Connection Checker: ca97639e-9303-465a-8465-7a3826ee9dab" [_thread_in_native, id=139267, stack(0x0000000b0f958000,0x0000000b0fb5b000)]

Other Threads:
  0x000000012b7367a0 VMThread "VM Thread" [stack: 0x000000016e850000,0x000000016ea53000] [id=19971]
  0x000000012b61c460 WatcherThread [stack: 0x000000017841c000,0x000000017861f000] [id=43011]
  0x000000012b70ccd0 GCTaskThread "GC Thread#0" [stack: 0x000000016de14000,0x000000016e017000] [id=12035]
  0x0000000169aa8f70 GCTaskThread "GC Thread#1" [stack: 0x0000000ae7c18000,0x0000000ae7e1b000] [id=124167]
  0x0000000169aa98b0 GCTaskThread "GC Thread#2" [stack: 0x0000000afe004000,0x0000000afe207000] [id=125747]
  0x0000000169aaa1f0 GCTaskThread "GC Thread#3" [stack: 0x0000000afe210000,0x0000000afe413000] [id=123907]
  0x0000000169aaab30 GCTaskThread "GC Thread#4" [stack: 0x0000000afe41c000,0x0000000afe61f000] [id=94723]
  0x0000000169aab470 GCTaskThread "GC Thread#5" [stack: 0x0000000afe628000,0x0000000afe82b000] [id=95235]
  0x00000001797f8150 GCTaskThread "GC Thread#6" [stack: 0x0000000afe834000,0x0000000afea37000] [id=123395]
  0x00000001797f8950 GCTaskThread "GC Thread#7" [stack: 0x0000000afea40000,0x0000000afec43000] [id=122883]
  0x0000000169aabdb0 GCTaskThread "GC Thread#8" [stack: 0x0000000afec4c000,0x0000000afee4f000] [id=95747]
  0x0000000169aac6f0 GCTaskThread "GC Thread#9" [stack: 0x0000000afee58000,0x0000000aff05b000] [id=122371]
  0x0000000169aad030 GCTaskThread "GC Thread#10" [stack: 0x0000000aff064000,0x0000000aff267000] [id=122115]
  0x0000000169aad970 GCTaskThread "GC Thread#11" [stack: 0x0000000aff270000,0x0000000aff473000] [id=96515]
  0x00000001797f91e0 GCTaskThread "GC Thread#12" [stack: 0x0000000aff47c000,0x0000000aff67f000] [id=97027]
  0x000000012cf04690 ConcurrentGCThread "G1 Main Marker" [stack: 0x000000016e020000,0x000000016e223000] [id=13827]
  0x000000012cd04380 ConcurrentGCThread "G1 Conc#0" [stack: 0x000000016e22c000,0x000000016e42f000] [id=13315]
  0x000000017b78b610 ConcurrentGCThread "G1 Conc#1" [stack: 0x0000000aff688000,0x0000000aff88b000] [id=97539]
  0x000000017b78bc70 ConcurrentGCThread "G1 Conc#2" [stack: 0x0000000aff894000,0x0000000affa97000] [id=98051]
  0x000000012b727770 ConcurrentGCThread "G1 Refine#0" [stack: 0x000000016e438000,0x000000016e63b000] [id=21507]
  0x000000012b7284a0 ConcurrentGCThread "G1 Service" [stack: 0x000000016e644000,0x000000016e847000] [id=16643]

Threads with active compile tasks:

VM state: not at safepoint (normal execution)

VM Mutex/Monitor currently owned by a thread: None

Heap address: 0x0000000301000000, size: 30688 MB, Compressed Oops mode: Non-zero based: 0x0000000300000000, Oop shift amount: 3

CDS archive(s) mapped at: [0x0000007000000000-0x0000007000bc0000-0x0000007000bc0000), size 12320768, SharedBaseAddress: 0x0000007000000000, ArchiveRelocationMode: 1.
Compressed class space mapped at: 0x0000007001000000-0x0000007041000000, reserved size: 1073741824
Narrow klass base: 0x0000007000000000, Narrow klass shift: 0, Narrow klass range: 0x100000000

GC Precious Log:
 CPUs: 16 total, 16 available
 Memory: 128G
 Large Page Support: Disabled
 NUMA Support: Disabled
 Compressed Oops: Enabled (Non-zero based)
 Heap Region Size: 16M
 Heap Min Capacity: 16M
 Heap Initial Capacity: 2G
 Heap Max Capacity: 30688M
 Pre-touch: Disabled
 Parallel Workers: 13
 Concurrent Workers: 3
 Concurrent Refinement Workers: 13
 Periodic GC: Disabled

Heap:
 garbage-first heap   total 229376K, used 99186K [0x0000000301000000, 0x0000000a7f000000)
  region size 16384K, 2 young (32768K), 1 survivors (16384K)
 Metaspace       used 53588K, committed 54144K, reserved 1114112K
  class space    used 5905K, committed 6144K, reserved 1048576K

Heap Regions: E=young(eden), S=young(survivor), O=old, HS=humongous(starts), HC=humongous(continues), CS=collection set, F=free, OA=open archive, CA=closed archive, TAMS=top-at-mark-start (previous, next)
|   0|0x0000000301000000, 0x0000000302000000, 0x0000000302000000|100%|HS|  |TAMS 0x0000000301000000, 0x0000000302000000| Complete 
|   1|0x0000000302000000, 0x0000000303000000, 0x0000000303000000|100%|HS|  |TAMS 0x0000000302000000, 0x0000000303000000| Complete 
|   2|0x0000000303000000, 0x0000000304000000, 0x0000000304000000|100%|HS|  |TAMS 0x0000000303000000, 0x0000000304000000| Complete 
|   3|0x0000000304000000, 0x0000000305000000, 0x0000000305000000|100%|HS|  |TAMS 0x0000000304000000, 0x0000000304000000| Complete 
|   4|0x0000000305000000, 0x0000000305ba9c00, 0x0000000306000000| 72%| O|  |TAMS 0x0000000305000000, 0x0000000305ba9c00| Untracked 
|   5|0x0000000306000000, 0x0000000306000000, 0x0000000307000000|  0%| F|  |TAMS 0x0000000306000000, 0x0000000306000000| Untracked 
|   6|0x0000000307000000, 0x0000000307000000, 0x0000000308000000|  0%| F|  |TAMS 0x0000000307000000, 0x0000000307000000| Untracked 
|   7|0x0000000308000000, 0x000000030854ad48, 0x0000000309000000| 33%| S|CS|TAMS 0x0000000308000000, 0x0000000308000000| Complete 
|   8|0x0000000309000000, 0x0000000309000000, 0x000000030a000000|  0%| F|  |TAMS 0x0000000309000000, 0x0000000309000000| Untracked 
|   9|0x000000030a000000, 0x000000030a000000, 0x000000030b000000|  0%| F|  |TAMS 0x000000030a000000, 0x000000030a000000| Untracked 
| 121|0x000000037a000000, 0x000000037a000000, 0x000000037b000000|  0%| F|  |TAMS 0x000000037a000000, 0x000000037a000000| Untracked 
| 127|0x0000000380000000, 0x00000003808bdd20, 0x0000000381000000| 54%| E|  |TAMS 0x0000000380000000, 0x0000000380000000| Complete 
|1916|0x0000000a7d000000, 0x0000000a7df74000, 0x0000000a7e000000| 96%|OA|  |TAMS 0x0000000a7df74000, 0x0000000a7df74000| Untracked 
|1917|0x0000000a7e000000, 0x0000000a7e074000, 0x0000000a7f000000|  2%|CA|  |TAMS 0x0000000a7e074000, 0x0000000a7e074000| Untracked 

Card table byte_map: [0x0000000126a78000,0x000000012a668000] _byte_map_base: 0x0000000125270000

Marking Bits (Prev, Next): (CMBitMap*) 0x000000012e808210, (CMBitMap*) 0x000000012e808250
 Prev Bits: [0x000000013bbf0000, 0x0000000159b70000)
 Next Bits: [0x0000000a7f000000, 0x0000000a9cf80000)

Polling page: 0x0000000102318000

Metaspace:

Usage:
  Non-class:     46.56 MB used.
      Class:      5.77 MB used.
       Both:     52.33 MB used.

Virtual space:
  Non-class space:       64.00 MB reserved,      46.88 MB ( 73%) committed,  1 nodes.
      Class space:        1.00 GB reserved,       6.00 MB ( <1%) committed,  1 nodes.
             Both:        1.06 GB reserved,      52.88 MB (  5%) committed. 

Chunk freelists:
   Non-Class:  1.14 MB
       Class:  9.98 MB
        Both:  11.12 MB

MaxMetaspaceSize: unlimited
CompressedClassSpaceSize: 1.00 GB
Initial GC threshold: 21.00 MB
Current GC threshold: 59.19 MB
CDS: on
MetaspaceReclaimPolicy: balanced
 - commit_granule_bytes: 65536.
 - commit_granule_words: 8192.
 - virtual_space_node_default_size: 8388608.
 - enlarge_chunks_in_place: 1.
 - new_chunks_are_fully_committed: 0.
 - uncommit_free_chunks: 1.
 - use_allocation_guard: 0.
 - handle_deallocations: 1.


Internal statistics:

num_allocs_failed_limit: 6.
num_arena_births: 778.
num_arena_deaths: 0.
num_vsnodes_births: 2.
num_vsnodes_deaths: 0.
num_space_committed: 846.
num_space_uncommitted: 0.
num_chunks_returned_to_freelist: 6.
num_chunks_taken_from_freelist: 2521.
num_chunk_merges: 6.
num_chunk_splits: 1894.
num_chunks_enlarged: 1580.
num_inconsistent_stats: 0.

CodeHeap 'non-profiled nmethods': size=119168Kb used=4531Kb max_used=4531Kb free=114636Kb
 bounds [0x000000011ba28000, 0x000000011be98000, 0x0000000122e88000]
CodeHeap 'profiled nmethods': size=119152Kb used=16537Kb max_used=16537Kb free=102614Kb
 bounds [0x0000000113e88000, 0x0000000114eb8000, 0x000000011b2e4000]
CodeHeap 'non-nmethods': size=7440Kb used=2095Kb max_used=3883Kb free=5344Kb
 bounds [0x000000011b2e4000, 0x000000011b6c4000, 0x000000011ba28000]
 total_blobs=9346 nmethods=7671 adapters=1590
 compilation: enabled
              stopped_count=0, restarted_count=0
 full_count=0

Compilation events (20 events):
Event: 56.417 Thread 0x000000012e00a200 8671       4       java.util.concurrent.atomic.AtomicLong::getAndIncrement (12 bytes)
Event: 56.417 Thread 0x000000012e00a200 nmethod 8671 0x000000011be91e10 code [0x000000011be91f80, 0x000000011be92010]
Event: 56.453 Thread 0x000000012e00a200 8672       4       androidx.compose.ui.graphics.BlendModeColorFilter::equals (56 bytes)
Event: 56.453 Thread 0x000000012e00a200 nmethod 8672 0x000000011be92110 code [0x000000011be922c0, 0x000000011be923b0]
Event: 56.460 Thread 0x000000012e008200 8673       3       androidx.compose.animation.core.VectorizedKeyframesSpec::getVelocityFromNanos (228 bytes)
Event: 56.461 Thread 0x000000012e008200 nmethod 8673 0x0000000114eab890 code [0x0000000114eabec0, 0x0000000114eadcb8]
Event: 56.571 Thread 0x000000012e00a200 8674       4       androidx.compose.ui.graphics.drawscope.CanvasDrawScopeKt$asDrawTransform$1::inset (257 bytes)
Event: 56.572 Thread 0x000000012e00a200 nmethod 8674 0x000000011be92490 code [0x000000011be92680, 0x000000011be92960]
Event: 56.573 Thread 0x000000012e00a200 8675       4       com.teamdev.jxbrowser.deps.com.google.protobuf.Empty$Builder::buildPartial (16 bytes)
Event: 56.574 Thread 0x000000012e00a200 nmethod 8675 0x000000011be92c90 code [0x000000011be92e40, 0x000000011be930f0]
Event: 56.606 Thread 0x000000012e00a200 8676       4       java.lang.Float::compare (46 bytes)
Event: 56.606 Thread 0x000000012e00a200 nmethod 8676 0x000000011be93310 code [0x000000011be93480, 0x000000011be93550]
Event: 56.626 Thread 0x000000012e00a200 8677       4       androidx.compose.ui.graphics.vector.VectorKt::tintableWithAlphaMask (63 bytes)
Event: 56.627 Thread 0x000000012e00a200 nmethod 8677 0x000000011be93610 code [0x000000011be937c0, 0x000000011be93870]
Event: 56.661 Thread 0x000000012e00a200 8678       4       androidx.compose.animation.core.AnimationVector1D::set$animation_core (10 bytes)
Event: 56.662 Thread 0x000000012e00a200 nmethod 8678 0x000000011be93910 code [0x000000011be93a80, 0x000000011be93b20]
Event: 56.689 Thread 0x000000012e00a200 8679   !   4       java.awt.EventQueue::isDispatchThreadImpl (99 bytes)
Event: 56.692 Thread 0x000000012e00a200 nmethod 8679 0x000000011be93c10 code [0x000000011be93e40, 0x000000011be94570]
Event: 56.815 Thread 0x000000012e00a200 8680       4       androidx.compose.ui.input.pointer.PointerId::box-impl (9 bytes)
Event: 56.815 Thread 0x000000012e00a200 nmethod 8680 0x000000011be94910 code [0x000000011be94ac0, 0x000000011be94ba0]

GC Heap History (20 events):
Event: 1.376 GC heap before
{Heap before GC invocations=2 (full 0):
 garbage-first heap   total 229376K, used 73416K [0x0000000301000000, 0x0000000a7f000000)
  region size 16384K, 5 young (81920K), 1 survivors (16384K)
 Metaspace       used 35708K, committed 36096K, reserved 1114112K
  class space    used 3969K, committed 4160K, reserved 1048576K
}
Event: 1.380 GC heap after
{Heap after GC invocations=3 (full 0):
 garbage-first heap   total 229376K, used 28651K [0x0000000301000000, 0x0000000a7f000000)
  region size 16384K, 1 young (16384K), 1 survivors (16384K)
 Metaspace       used 35708K, committed 36096K, reserved 1114112K
  class space    used 3969K, committed 4160K, reserved 1048576K
}
Event: 2.356 GC heap before
{Heap before GC invocations=4 (full 0):
 garbage-first heap   total 229376K, used 143339K [0x0000000301000000, 0x0000000a7f000000)
  region size 16384K, 5 young (81920K), 1 survivors (16384K)
 Metaspace       used 47867K, committed 48384K, reserved 1114112K
  class space    used 5420K, committed 5632K, reserved 1048576K
}
Event: 2.360 GC heap after
{Heap after GC invocations=5 (full 0):
 garbage-first heap   total 229376K, used 48590K [0x0000000301000000, 0x0000000a7f000000)
  region size 16384K, 1 young (16384K), 1 survivors (16384K)
 Metaspace       used 47867K, committed 48384K, reserved 1114112K
  class space    used 5420K, committed 5632K, reserved 1048576K
}
Event: 19.950 GC heap before
{Heap before GC invocations=5 (full 0):
 garbage-first heap   total 229376K, used 97742K [0x0000000301000000, 0x0000000a7f000000)
  region size 16384K, 4 young (65536K), 1 survivors (16384K)
 Metaspace       used 52028K, committed 52608K, reserved 1114112K
  class space    used 5794K, committed 6016K, reserved 1048576K
}
Event: 19.953 GC heap after
{Heap after GC invocations=6 (full 0):
 garbage-first heap   total 229376K, used 49500K [0x0000000301000000, 0x0000000a7f000000)
  region size 16384K, 1 young (16384K), 1 survivors (16384K)
 Metaspace       used 52028K, committed 52608K, reserved 1114112K
  class space    used 5794K, committed 6016K, reserved 1048576K
}
Event: 25.078 GC heap before
{Heap before GC invocations=6 (full 0):
 garbage-first heap   total 229376K, used 82268K [0x0000000301000000, 0x0000000a7f000000)
  region size 16384K, 2 young (32768K), 1 survivors (16384K)
 Metaspace       used 52177K, committed 52736K, reserved 1114112K
  class space    used 5806K, committed 6016K, reserved 1048576K
}
Event: 25.081 GC heap after
{Heap after GC invocations=7 (full 0):
 garbage-first heap   total 229376K, used 49165K [0x0000000301000000, 0x0000000a7f000000)
  region size 16384K, 1 young (16384K), 1 survivors (16384K)
 Metaspace       used 52177K, committed 52736K, reserved 1114112K
  class space    used 5806K, committed 6016K, reserved 1048576K
}
Event: 33.835 GC heap before
{Heap before GC invocations=7 (full 0):
 garbage-first heap   total 229376K, used 81933K [0x0000000301000000, 0x0000000a7f000000)
  region size 16384K, 2 young (32768K), 1 survivors (16384K)
 Metaspace       used 52727K, committed 53312K, reserved 1114112K
  class space    used 5844K, committed 6080K, reserved 1048576K
}
Event: 33.837 GC heap after
{Heap after GC invocations=8 (full 0):
 garbage-first heap   total 229376K, used 65535K [0x0000000301000000, 0x0000000a7f000000)
  region size 16384K, 1 young (16384K), 1 survivors (16384K)
 Metaspace       used 52727K, committed 53312K, reserved 1114112K
  class space    used 5844K, committed 6080K, reserved 1048576K
}
Event: 34.530 GC heap before
{Heap before GC invocations=8 (full 0):
 garbage-first heap   total 229376K, used 81919K [0x0000000301000000, 0x0000000a7f000000)
  region size 16384K, 2 young (32768K), 1 survivors (16384K)
 Metaspace       used 52877K, committed 53440K, reserved 1114112K
  class space    used 5860K, committed 6080K, reserved 1048576K
}
Event: 34.532 GC heap after
{Heap after GC invocations=9 (full 0):
 garbage-first heap   total 229376K, used 65542K [0x0000000301000000, 0x0000000a7f000000)
  region size 16384K, 1 young (16384K), 1 survivors (16384K)
 Metaspace       used 52877K, committed 53440K, reserved 1114112K
  class space    used 5860K, committed 6080K, reserved 1048576K
}
Event: 38.749 GC heap before
{Heap before GC invocations=9 (full 0):
 garbage-first heap   total 229376K, used 81926K [0x0000000301000000, 0x0000000a7f000000)
  region size 16384K, 2 young (32768K), 1 survivors (16384K)
 Metaspace       used 53219K, committed 53760K, reserved 1114112K
  class space    used 5885K, committed 6080K, reserved 1048576K
}
Event: 38.751 GC heap after
{Heap after GC invocations=10 (full 0):
 garbage-first heap   total 229376K, used 65769K [0x0000000301000000, 0x0000000a7f000000)
  region size 16384K, 1 young (16384K), 1 survivors (16384K)
 Metaspace       used 53219K, committed 53760K, reserved 1114112K
  class space    used 5885K, committed 6080K, reserved 1048576K
}
Event: 38.776 GC heap before
{Heap before GC invocations=10 (full 0):
 garbage-first heap   total 229376K, used 82153K [0x0000000301000000, 0x0000000a7f000000)
  region size 16384K, 2 young (32768K), 1 survivors (16384K)
 Metaspace       used 53219K, committed 53760K, reserved 1114112K
  class space    used 5885K, committed 6080K, reserved 1048576K
}
Event: 38.779 GC heap after
{Heap after GC invocations=11 (full 0):
 garbage-first heap   total 229376K, used 82148K [0x0000000301000000, 0x0000000a7f000000)
  region size 16384K, 1 young (16384K), 1 survivors (16384K)
 Metaspace       used 53219K, committed 53760K, reserved 1114112K
  class space    used 5885K, committed 6080K, reserved 1048576K
}
Event: 39.226 GC heap before
{Heap before GC invocations=11 (full 0):
 garbage-first heap   total 229376K, used 98532K [0x0000000301000000, 0x0000000a7f000000)
  region size 16384K, 2 young (32768K), 1 survivors (16384K)
 Metaspace       used 53276K, committed 53824K, reserved 1114112K
  class space    used 5885K, committed 6080K, reserved 1048576K
}
Event: 39.228 GC heap after
{Heap after GC invocations=12 (full 0):
 garbage-first heap   total 229376K, used 82289K [0x0000000301000000, 0x0000000a7f000000)
  region size 16384K, 1 young (16384K), 1 survivors (16384K)
 Metaspace       used 53276K, committed 53824K, reserved 1114112K
  class space    used 5885K, committed 6080K, reserved 1048576K
}
Event: 54.556 GC heap before
{Heap before GC invocations=12 (full 0):
 garbage-first heap   total 229376K, used 131441K [0x0000000301000000, 0x0000000a7f000000)
  region size 16384K, 4 young (65536K), 1 survivors (16384K)
 Metaspace       used 53537K, committed 54144K, reserved 1114112K
  class space    used 5905K, committed 6144K, reserved 1048576K
}
Event: 54.558 GC heap after
{Heap after GC invocations=13 (full 0):
 garbage-first heap   total 229376K, used 82802K [0x0000000301000000, 0x0000000a7f000000)
  region size 16384K, 1 young (16384K), 1 survivors (16384K)
 Metaspace       used 53537K, committed 54144K, reserved 1114112K
  class space    used 5905K, committed 6144K, reserved 1048576K
}

Dll operation events (14 events):
Event: 0.004 Loaded shared library /opt/homebrew/Cellar/openjdk@17/17.0.15/libexec/openjdk.jdk/Contents/Home/lib/libjava.dylib
Event: 0.034 Loaded shared library /opt/homebrew/Cellar/openjdk@17/17.0.15/libexec/openjdk.jdk/Contents/Home/lib/libnio.dylib
Event: 0.036 Loaded shared library /opt/homebrew/Cellar/openjdk@17/17.0.15/libexec/openjdk.jdk/Contents/Home/lib/libzip.dylib
Event: 0.061 Loaded shared library /opt/homebrew/Cellar/openjdk@17/17.0.15/libexec/openjdk.jdk/Contents/Home/lib/libjimage.dylib
Event: 0.065 Loaded shared library /Users/kshivang/.skiko/651c27f75e71c71e6a7ce4a1c0c542a67bcdf156c73a22233ef5a16a5861e7a3/libskiko-macos-arm64.dylib
Event: 0.076 Loaded shared library /opt/homebrew/Cellar/openjdk@17/17.0.15/libexec/openjdk.jdk/Contents/Home/lib/libawt.dylib
Event: 0.078 Loaded shared library /opt/homebrew/Cellar/openjdk@17/17.0.15/libexec/openjdk.jdk/Contents/Home/lib/libawt_lwawt.dylib
Event: 0.089 Loaded shared library /opt/homebrew/Cellar/openjdk@17/17.0.15/libexec/openjdk.jdk/Contents/Home/lib/libfontmanager.dylib
Event: 0.242 Loaded shared library /opt/homebrew/Cellar/openjdk@17/17.0.15/libexec/openjdk.jdk/Contents/Home/lib/libosxui.dylib
Event: 0.735 Loaded shared library /opt/homebrew/Cellar/openjdk@17/17.0.15/libexec/openjdk.jdk/Contents/Home/lib/libnet.dylib
Event: 0.753 Loaded shared library /opt/homebrew/Cellar/openjdk@17/17.0.15/libexec/openjdk.jdk/Contents/Home/lib/libextnet.dylib
Event: 1.006 Loaded shared library /Users/kshivang/Development/BOSS-Kotlin/composeApp/build/tmp/JxBrowser/8.7.0/Chromium.app/Contents/Frameworks/Chromium Framework.framework/Versions/136.0.7103.114/Libraries/libipc.dylib
Event: 1.193 Loaded shared library /Users/kshivang/Development/BOSS-Kotlin/composeApp/build/tmp/JxBrowser/8.7.0/Chromium.app/Contents/Frameworks/Chromium Framework.framework/Versions/136.0.7103.114/Libraries/libtoolkit.dylib
Event: 1.587 Loaded shared library /Users/kshivang/Development/BOSS-Kotlin/composeApp/build/tmp/JxBrowser/8.7.0/Chromium.app/Contents/Frameworks/Chromium Framework.framework/Versions/136.0.7103.114/Libraries/libawt_toolkit.dylib

Deoptimization events (20 events):
Event: 47.617 Thread 0x000000012f1d0c00 Uncommon trap: trap_request=0xffffff45 fr.pc=0x000000011bdf9010 relative=0x00000000000000d0
Event: 47.617 Thread 0x000000012f1d0c00 Uncommon trap: reason=unstable_if action=reinterpret pc=0x000000011bdf9010 method=java.lang.reflect.AccessibleObject.verifyAccess(Ljava/lang/Class;Ljava/lang/Class;Ljava/lang/Class;I)Z @ 8 c2
Event: 47.617 Thread 0x000000012f1d0c00 DEOPT PACKING pc=0x000000011bdf9010 sp=0x000000017ae1de50
Event: 47.617 Thread 0x000000012f1d0c00 DEOPT UNPACKING pc=0x000000011b32b91c sp=0x000000017ae1dd70 mode 2
Event: 47.618 Thread 0x000000012f1d0c00 Uncommon trap: trap_request=0xffffff45 fr.pc=0x000000011bd95b24 relative=0x0000000000000064
Event: 47.618 Thread 0x000000012f1d0c00 Uncommon trap: reason=unstable_if action=reinterpret pc=0x000000011bd95b24 method=java.awt.Component.getInputContext()Ljava/awt/im/InputContext; @ 6 c2
Event: 47.618 Thread 0x000000012f1d0c00 DEOPT PACKING pc=0x000000011bd95b24 sp=0x000000017ae1df10
Event: 47.618 Thread 0x000000012f1d0c00 DEOPT UNPACKING pc=0x000000011b32b91c sp=0x000000017ae1deb0 mode 2
Event: 47.618 Thread 0x000000012f1d0c00 Uncommon trap: trap_request=0xffffff45 fr.pc=0x000000011bdaabd8 relative=0x0000000000000498
Event: 47.618 Thread 0x000000012f1d0c00 Uncommon trap: reason=unstable_if action=reinterpret pc=0x000000011bdaabd8 method=java.awt.EventQueue.isDispatchThreadImpl()Z @ 65 c2
Event: 47.618 Thread 0x000000012f1d0c00 DEOPT PACKING pc=0x000000011bdaabd8 sp=0x000000017ae1da20
Event: 47.618 Thread 0x000000012f1d0c00 DEOPT UNPACKING pc=0x000000011b32b91c sp=0x000000017ae1d9a0 mode 2
Event: 47.618 Thread 0x000000012f1d0c00 Uncommon trap: trap_request=0xffffffc6 fr.pc=0x000000011bdb86d0 relative=0x0000000000001ed0
Event: 47.618 Thread 0x000000012f1d0c00 Uncommon trap: reason=bimorphic_or_optimized_type_check action=maybe_recompile pc=0x000000011bdb86d0 method=kotlin.sequences.SequencesKt___SequencesKt.toList(Lkotlin/sequences/Sequence;)Ljava/util/List; @ 7 c2
Event: 47.618 Thread 0x000000012f1d0c00 DEOPT PACKING pc=0x000000011bdb86d0 sp=0x000000017ae1dc40
Event: 47.618 Thread 0x000000012f1d0c00 DEOPT UNPACKING pc=0x000000011b32b91c sp=0x000000017ae1dc00 mode 2
Event: 48.870 Thread 0x0000011003d37200 Uncommon trap: trap_request=0xffffff5c fr.pc=0x000000011bdd9e1c relative=0x00000000000034dc
Event: 48.870 Thread 0x0000011003d37200 Uncommon trap: reason=speculate_null_check action=make_not_entrant pc=0x000000011bdd9e1c method=java.util.concurrent.locks.AbstractQueuedSynchronizer.enqueue(Ljava/util/concurrent/locks/AbstractQueuedSynchronizer$Node;)V @ 15 c2
Event: 48.870 Thread 0x0000011003d37200 DEOPT PACKING pc=0x000000011bdd9e1c sp=0x0000000b0e12eb10
Event: 48.870 Thread 0x0000011003d37200 DEOPT UNPACKING pc=0x000000011b32b91c sp=0x0000000b0e12e590 mode 2

Classes loaded (20 events):
Event: 32.335 Loading class sun/awt/DebugSettings
Event: 32.335 Loading class sun/awt/DebugSettings done
Event: 32.340 Loading class javax/swing/JComponent$KeyboardState
Event: 32.340 Loading class javax/swing/JComponent$KeyboardState done
Event: 32.340 Loading class javax/swing/JComponent$IntVector
Event: 32.340 Loading class javax/swing/JComponent$IntVector done
Event: 38.408 Loading class javax/swing/JInternalFrame
Event: 38.408 Loading class javax/swing/JInternalFrame done
Event: 38.409 Loading class javax/swing/KeyboardManager
Event: 38.409 Loading class javax/swing/KeyboardManager done
Event: 38.409 Loading class javax/swing/Popup$HeavyWeightWindow
Event: 38.409 Loading class sun/awt/ModalExclude
Event: 38.409 Loading class sun/awt/ModalExclude done
Event: 38.409 Loading class javax/swing/JWindow
Event: 38.409 Loading class javax/swing/JWindow done
Event: 38.409 Loading class javax/swing/Popup$HeavyWeightWindow done
Event: 47.619 Loading class java/lang/Throwable$WrappedPrintStream
Event: 47.619 Loading class java/lang/Throwable$PrintStreamOrWriter
Event: 47.619 Loading class java/lang/Throwable$PrintStreamOrWriter done
Event: 47.619 Loading class java/lang/Throwable$WrappedPrintStream done

Classes unloaded (0 events):
No events

Classes redefined (0 events):
No events

Internal exceptions (20 events):
Event: 1.563 Thread 0x000000012e10f200 Exception <a 'java/lang/NoSuchMethodError'{0x000000030a078da8}: 'java.lang.Object java.lang.invoke.DirectMethodHandle$Holder.newInvokeSpecial(java.lang.Object, float, java.lang.Object)'> (0x000000030a078da8) 
thrown [src/hotspot/share/interpreter/linkResolver.cpp, line 759]
Event: 1.569 Thread 0x000000012e10f200 Exception <a 'java/lang/NoSuchMethodError'{0x000000030a1dd4b8}: 'java.lang.Object java.lang.invoke.DirectMethodHandle$Holder.newInvokeSpecial(java.lang.Object, java.lang.Object, java.lang.Object, java.lang.Object, java.lang.Object, java.lang.Object, int)'> (0x000000030a1dd4b8) 
thrown [src/hotspot/share/interpreter/linkResolver.cpp, line 759]
Event: 1.569 Thread 0x000000012e10f200 Exception <a 'java/lang/NoSuchMethodError'{0x000000030a1e39a8}: 'java.lang.Object java.lang.invoke.DirectMethodHandle$Holder.invokeSpecial(java.lang.Object, java.lang.Object, java.lang.Object, java.lang.Object, java.lang.Object, java.lang.Object, java.lang.Object, int)'> (0x000000030a1e39a8) 
thrown [src/hotspot/share/interpreter/linkResolver.cpp, line 759]
Event: 1.576 Thread 0x000000012e10f200 Exception <a 'java/lang/NoSuchMethodError'{0x000000030a31e688}: 'java.lang.Object java.lang.invoke.DirectMethodHandle$Holder.newInvokeSpecial(java.lang.Object, java.lang.Object, java.lang.Object, java.lang.Object, java.lang.Object, int)'> (0x000000030a31e688) 
thrown [src/hotspot/share/interpreter/linkResolver.cpp, line 759]
Event: 1.576 Thread 0x000000012e10f200 Exception <a 'java/lang/NoSuchMethodError'{0x000000030a323e58}: 'java.lang.Object java.lang.invoke.DirectMethodHandle$Holder.invokeSpecial(java.lang.Object, java.lang.Object, java.lang.Object, java.lang.Object, java.lang.Object, java.lang.Object, int)'> (0x000000030a323e58) 
thrown [src/hotspot/share/interpreter/linkResolver.cpp, line 759]
Event: 1.576 Thread 0x000000012e10f200 Exception <a 'java/lang/NoSuchMethodError'{0x000000030a328f28}: 'java.lang.Object java.lang.invoke.Invokers$Holder.linkToTargetMethod(java.lang.Object, java.lang.Object, java.lang.Object, java.lang.Object, int, java.lang.Object)'> (0x000000030a328f28) 
thrown [src/hotspot/share/interpreter/linkResolver.cpp, line 759]
Event: 1.577 Thread 0x000000012e10f200 Exception <a 'java/lang/NoSuchMethodError'{0x000000030a37b218}: 'java.lang.Object java.lang.invoke.DirectMethodHandle$Holder.newInvokeSpecial(java.lang.Object, java.lang.Object, java.lang.Object, java.lang.Object, java.lang.Object, java.lang.Object)'> (0x000000030a37b218) 
thrown [src/hotspot/share/interpreter/linkResolver.cpp, line 759]
Event: 1.579 Thread 0x000000012e10f200 Exception <a 'java/lang/NoSuchMethodError'{0x000000030a3fe4c0}: 'java.lang.Object java.lang.invoke.DirectMethodHandle$Holder.invokeSpecial(java.lang.Object, java.lang.Object, java.lang.Object, java.lang.Object, java.lang.Object, java.lang.Object, java.lang.Object, java.lang.Object, int, int)'> (0x000000030a3fe4c0) 
thrown [src/hotspot/share/interpreter/linkResolver.cpp, line 759]
Event: 1.602 Thread 0x000000012e10f200 Exception <a 'java/lang/NoSuchMethodError'{0x000000030a753260}: 'java.lang.Object java.lang.invoke.DirectMethodHandle$Holder.invokeStatic(java.lang.Object, java.lang.Object, java.lang.Object, java.lang.Object, int, java.lang.Object)'> (0x000000030a753260) 
thrown [src/hotspot/share/interpreter/linkResolver.cpp, line 759]
Event: 1.666 Thread 0x000000012e10f200 Exception <a 'java/lang/NoSuchMethodError'{0x000000030ac16fb8}: 'void java.lang.invoke.DirectMethodHandle$Holder.invokeStatic(java.lang.Object, long, long)'> (0x000000030ac16fb8) 
thrown [src/hotspot/share/interpreter/linkResolver.cpp, line 759]
Event: 1.666 Thread 0x000000012e10f200 Exception <a 'java/lang/NoSuchMethodError'{0x000000030ac1c840}: 'java.lang.Object java.lang.invoke.DirectMethodHandle$Holder.newInvokeSpecial(java.lang.Object, long)'> (0x000000030ac1c840) 
thrown [src/hotspot/share/interpreter/linkResolver.cpp, line 759]
Event: 1.723 Thread 0x000000012e10f200 Exception <a 'java/lang/NoSuchMethodError'{0x000000030ae6d538}: 'java.lang.Object java.lang.invoke.DirectMethodHandle$Holder.invokeStatic(java.lang.Object, java.lang.Object, java.lang.Object, java.lang.Object, java.lang.Object, long)'> (0x000000030ae6d538) 
thrown [src/hotspot/share/interpreter/linkResolver.cpp, line 759]
Event: 1.874 Thread 0x0000011000099c00 Exception <a 'java/lang/NoSuchMethodError'{0x0000000309234f50}: 'void java.lang.invoke.DirectMethodHandle$Holder.invokeVirtual(java.lang.Object, java.lang.Object)'> (0x0000000309234f50) 
thrown [src/hotspot/share/interpreter/linkResolver.cpp, line 759]
Event: 4.114 Thread 0x000000012e10f200 Exception <a 'java/lang/NoSuchMethodError'{0x00000003808267e0}: 'java.lang.Object java.lang.invoke.DirectMethodHandle$Holder.newInvokeSpecial(java.lang.Object, java.lang.Object, java.lang.Object, java.lang.Object, java.lang.Object, java.lang.Object, java.lang.Object, java.lang.Object, int, int)'> (0x00000003808267e0) 
thrown [src/hotspot/share/interpreter/linkResolver.cpp, line 759]
Event: 4.114 Thread 0x000000012e10f200 Exception <a 'java/lang/NoSuchMethodError'{0x000000038082b900}: 'java.lang.Object java.lang.invoke.DirectMethodHandle$Holder.invokeSpecial(java.lang.Object, java.lang.Object, java.lang.Object, java.lang.Object, java.lang.Object, java.lang.Object, java.lang.Object, java.lang.Object, java.lang.Object, int, int)'> (0x000000038082b900) 
thrown [src/hotspot/share/interpreter/linkResolver.cpp, line 759]
Event: 12.367 Thread 0x000000012e10f200 Exception <a 'java/lang/NoSuchMethodError'{0x000000037a263318}: 'java.lang.Object java.lang.invoke.DirectMethodHandle$Holder.newInvokeSpecial(java.lang.Object, java.lang.Object, float)'> (0x000000037a263318) 
thrown [src/hotspot/share/interpreter/linkResolver.cpp, line 759]
Event: 12.367 Thread 0x000000012e10f200 Exception <a 'java/lang/NoSuchMethodError'{0x000000037a26aa00}: 'java.lang.Object java.lang.invoke.Invokers$Holder.linkToTargetMethod(java.lang.Object, float, java.lang.Object)'> (0x000000037a26aa00) 
thrown [src/hotspot/share/interpreter/linkResolver.cpp, line 759]
Event: 24.482 Thread 0x000000012e10f200 Implicit null exception at 0x000000011bce5a08 to 0x000000011bce62b4
Event: 33.803 Thread 0x000000012e10f200 Implicit null exception at 0x000000011bacfe8c to 0x000000011bad0718
Event: 47.604 Thread 0x0000011000090600 Implicit null exception at 0x000000011be02898 to 0x000000011be029f8

VM Operations (20 events):
Event: 48.266 Executing VM operation: Cleanup
Event: 48.266 Executing VM operation: Cleanup done
Event: 49.271 Executing VM operation: Cleanup
Event: 49.271 Executing VM operation: Cleanup done
Event: 50.275 Executing VM operation: Cleanup
Event: 50.275 Executing VM operation: Cleanup done
Event: 51.276 Executing VM operation: Cleanup
Event: 51.276 Executing VM operation: Cleanup done
Event: 52.279 Executing VM operation: Cleanup
Event: 52.279 Executing VM operation: Cleanup done
Event: 53.284 Executing VM operation: Cleanup
Event: 53.284 Executing VM operation: Cleanup done
Event: 54.289 Executing VM operation: Cleanup
Event: 54.289 Executing VM operation: Cleanup done
Event: 54.556 Executing VM operation: G1TryInitiateConcMark
Event: 54.559 Executing VM operation: G1TryInitiateConcMark done
Event: 54.960 Executing VM operation: HandshakeAllThreads
Event: 54.960 Executing VM operation: HandshakeAllThreads done
Event: 55.964 Executing VM operation: Cleanup
Event: 55.964 Executing VM operation: Cleanup done

Memory protections (20 events):
Event: 44.231 Protecting memory [0x0000000b0e0ac000,0x0000000b0e0b8000] with protection modes 3
Event: 47.626 Protecting memory [0x0000000b0e0ac000,0x0000000b0e0b8000] with protection modes 0
Event: 47.626 Protecting memory [0x0000000b0e138000,0x0000000b0e144000] with protection modes 0
Event: 47.626 Protecting memory [0x0000000b0e344000,0x0000000b0e350000] with protection modes 0
Event: 49.363 Protecting memory [0x0000000b0e5dc000,0x0000000b0e5e8000] with protection modes 0
Event: 49.363 Protecting memory [0x0000000b0e668000,0x0000000b0e674000] with protection modes 0
Event: 49.363 Protecting memory [0x0000000b0e874000,0x0000000b0e880000] with protection modes 0
Event: 50.066 Protecting memory [0x0000000b0eb0c000,0x0000000b0eb18000] with protection modes 0
Event: 50.066 Protecting memory [0x0000000b0eb98000,0x0000000b0eba4000] with protection modes 0
Event: 50.066 Protecting memory [0x0000000b0eda4000,0x0000000b0edb0000] with protection modes 0
Event: 52.995 Protecting memory [0x0000000b0f190000,0x0000000b0f19c000] with protection modes 0
Event: 52.995 Protecting memory [0x0000000b0f21c000,0x0000000b0f228000] with protection modes 0
Event: 52.995 Protecting memory [0x0000000b0f428000,0x0000000b0f434000] with protection modes 0
Event: 53.377 Protecting memory [0x0000000b0f6c0000,0x0000000b0f6cc000] with protection modes 0
Event: 53.377 Protecting memory [0x0000000b0f74c000,0x0000000b0f758000] with protection modes 0
Event: 53.377 Protecting memory [0x0000000b0f958000,0x0000000b0f964000] with protection modes 0
Event: 53.722 Protecting memory [0x0000000b0fb64000,0x0000000b0fb70000] with protection modes 0
Event: 54.905 Protecting memory [0x0000000b0fd70000,0x0000000b0fd7c000] with protection modes 0
Event: 55.546 Protecting memory [0x0000000b0fd70000,0x0000000b0fd7c000] with protection modes 3
Event: 56.417 Protecting memory [0x0000000b0fb64000,0x0000000b0fb70000] with protection modes 3

Nmethod flushes (20 events):
Event: 22.542 Thread 0x000000012e022000 flushing  nmethod 0x0000000114a54990
Event: 22.542 Thread 0x000000012e022000 flushing  nmethod 0x0000000114a6b490
Event: 22.542 Thread 0x000000012e022000 flushing  nmethod 0x0000000114a6c110
Event: 22.542 Thread 0x000000012e022000 flushing  nmethod 0x0000000114a98d90
Event: 22.542 Thread 0x000000012e022000 flushing  nmethod 0x0000000114a9e390
Event: 22.542 Thread 0x000000012e022000 flushing  nmethod 0x0000000114a9fc90
Event: 22.542 Thread 0x000000012e022000 flushing  nmethod 0x0000000114aade90
Event: 22.542 Thread 0x000000012e022000 flushing  nmethod 0x0000000114ac8690
Event: 22.542 Thread 0x000000012e022000 flushing  nmethod 0x0000000114b78b10
Event: 22.542 Thread 0x000000012e022000 flushing  nmethod 0x0000000114bc1e10
Event: 22.542 Thread 0x000000012e022000 flushing  nmethod 0x0000000114bc2190
Event: 22.542 Thread 0x000000012e022000 flushing  nmethod 0x0000000114bee110
Event: 22.542 Thread 0x000000012e022000 flushing  nmethod 0x0000000114c29990
Event: 22.543 Thread 0x000000012e022000 flushing  nmethod 0x0000000114d6de10
Event: 22.543 Thread 0x000000012e022000 flushing  nmethod 0x0000000114d86010
Event: 22.543 Thread 0x000000012e022000 flushing  nmethod 0x0000000114d86d10
Event: 22.543 Thread 0x000000012e022000 flushing  nmethod 0x0000000114d87c10
Event: 22.543 Thread 0x000000012e022000 flushing  nmethod 0x0000000114d89190
Event: 22.543 Thread 0x000000012e022000 flushing  nmethod 0x0000000114d9f790
Event: 54.963 Thread 0x000000012e022000 flushing  nmethod 0x0000000114459310

Events (20 events):
Event: 44.231 Thread 0x0000011003d37200 Thread exited: 0x0000011003d37200
Event: 47.626 Thread 0x0000011003d37200 Thread added: 0x0000011003d37200
Event: 47.626 Thread 0x000000012f33fa00 Thread added: 0x0000011003d37e00
Event: 47.626 Thread 0x000000012f33fa00 Thread added: 0x0000011003d3ba00
Event: 49.363 Thread 0x0000011003d3e400 Thread added: 0x0000011003d3e400
Event: 49.363 Thread 0x000000012f33fa00 Thread added: 0x0000011003d3ea00
Event: 49.363 Thread 0x000000012f33fa00 Thread added: 0x0000011003d3f000
Event: 50.066 Thread 0x0000011003d3f600 Thread added: 0x0000011003d3f600
Event: 50.066 Thread 0x000000012f33fa00 Thread added: 0x0000011003d3fc00
Event: 50.066 Thread 0x000000012f33fa00 Thread added: 0x0000011003d40200
Event: 52.995 Thread 0x0000011003d40e00 Thread added: 0x0000011003d40e00
Event: 52.995 Thread 0x000000012f33fa00 Thread added: 0x0000011003d41400
Event: 52.995 Thread 0x000000012f33fa00 Thread added: 0x0000011003d41a00
Event: 53.377 Thread 0x0000011003d42000 Thread added: 0x0000011003d42000
Event: 53.377 Thread 0x000000012f33fa00 Thread added: 0x0000011003d42600
Event: 53.377 Thread 0x000000012f33fa00 Thread added: 0x0000011003d42c00
Event: 53.722 Thread 0x000000012e008200 Thread added: 0x0000011003d43800
Event: 54.905 Thread 0x000000012e008200 Thread added: 0x0000011003d44a00
Event: 55.546 Thread 0x0000011003d44a00 Thread exited: 0x0000011003d44a00
Event: 56.417 Thread 0x0000011003d43800 Thread exited: 0x0000011003d43800


Dynamic libraries:
0x00000001022bc000 	/opt/homebrew/Cellar/openjdk@17/17.0.15/libexec/openjdk.jdk/Contents/Home/lib/libjli.dylib
0x0000000195277000 	/usr/lib/libz.1.dylib
0x000000019532d000 	/usr/lib/libSystem.B.dylib
0x0000000195327000 	/usr/lib/system/libcache.dylib
0x00000001952e2000 	/usr/lib/system/libcommonCrypto.dylib
0x000000019530d000 	/usr/lib/system/libcompiler_rt.dylib
0x0000000195302000 	/usr/lib/system/libcopyfile.dylib
0x0000000186e4b000 	/usr/lib/system/libcorecrypto.dylib
0x0000000186f31000 	/usr/lib/system/libdispatch.dylib
0x00000001870f1000 	/usr/lib/system/libdyld.dylib
0x000000019531d000 	/usr/lib/system/libkeymgr.dylib
0x00000001952c5000 	/usr/lib/system/libmacho.dylib
0x00000001946f8000 	/usr/lib/system/libquarantine.dylib
0x000000019531a000 	/usr/lib/system/libremovefile.dylib
0x000000018d0f0000 	/usr/lib/system/libsystem_asl.dylib
0x0000000186de0000 	/usr/lib/system/libsystem_blocks.dylib
0x0000000186f7b000 	/usr/lib/system/libsystem_c.dylib
0x0000000195311000 	/usr/lib/system/libsystem_collections.dylib
0x00000001936ec000 	/usr/lib/system/libsystem_configuration.dylib
0x0000000192487000 	/usr/lib/system/libsystem_containermanager.dylib
0x0000000194e08000 	/usr/lib/system/libsystem_coreservices.dylib
0x000000018abf2000 	/usr/lib/system/libsystem_darwin.dylib
0x00000002701a9000 	/usr/lib/system/libsystem_darwindirectory.dylib
0x000000019531e000 	/usr/lib/system/libsystem_dnssd.dylib
0x00000002701ad000 	/usr/lib/system/libsystem_eligibility.dylib
0x0000000186f78000 	/usr/lib/system/libsystem_featureflags.dylib
0x0000000187129000 	/usr/lib/system/libsystem_info.dylib
0x0000000195286000 	/usr/lib/system/libsystem_m.dylib
0x0000000186eea000 	/usr/lib/system/libsystem_malloc.dylib
0x000000018d059000 	/usr/lib/system/libsystem_networkextension.dylib
0x000000018b054000 	/usr/lib/system/libsystem_notify.dylib
0x00000001936f1000 	/usr/lib/system/libsystem_sandbox.dylib
0x00000002701b5000 	/usr/lib/system/libsystem_sanitizers.dylib
0x0000000195316000 	/usr/lib/system/libsystem_secinit.dylib
0x00000001870a8000 	/usr/lib/system/libsystem_kernel.dylib
0x0000000187121000 	/usr/lib/system/libsystem_platform.dylib
0x00000001870e4000 	/usr/lib/system/libsystem_pthread.dylib
0x000000018ec4a000 	/usr/lib/system/libsystem_symptoms.dylib
0x0000000186e2f000 	/usr/lib/system/libsystem_trace.dylib
0x00000001952f0000 	/usr/lib/system/libunwind.dylib
0x0000000186de4000 	/usr/lib/system/libxpc.dylib
0x0000000186cf0000 	/usr/lib/libobjc.A.dylib
0x0000000187159000 	/System/Library/Frameworks/CoreFoundation.framework/Versions/A/CoreFoundation
0x000000019886a000 	/usr/lib/swift/libswiftCore.dylib
0x000000018708a000 	/usr/lib/libc++abi.dylib
0x000000026ed81000 	/usr/lib/libRosetta.dylib
0x0000000186ffd000 	/usr/lib/libc++.1.dylib
0x0000000188749000 	/System/Library/Frameworks/Foundation.framework/Versions/C/Foundation
0x00000001a14b8000 	/usr/lib/swift/libswiftObjectiveC.dylib
0x000000018aef0000 	/System/Library/PrivateFrameworks/CoreServicesInternal.framework/Versions/A/CoreServicesInternal
0x00000001952fa000 	/usr/lib/liboah.dylib
0x000000019532f000 	/usr/lib/libfakelink.dylib
0x000000018a926000 	/usr/lib/libicucore.A.dylib
0x0000000195332000 	/System/Library/PrivateFrameworks/SoftLinking.framework/Versions/A/SoftLinking
0x000000019cd53000 	/System/Library/Frameworks/CoreServices.framework/Versions/A/CoreServices
0x000000018a51b000 	/System/Library/Frameworks/Security.framework/Versions/A/Security
0x000000018af71000 	/System/Library/Frameworks/IOKit.framework/Versions/A/IOKit
0x00000001a09c5000 	/System/Library/PrivateFrameworks/DiskImages.framework/Versions/A/DiskImages
0x00000001ad44f000 	/System/Library/Frameworks/NetFS.framework/Versions/A/NetFS
0x000000018cc8e000 	/System/Library/Frameworks/CFNetwork.framework/Versions/A/CFNetwork
0x000000019090c000 	/System/Library/Frameworks/CoreServices.framework/Versions/A/Frameworks/FSEvents.framework/Versions/A/FSEvents
0x000000018abfd000 	/System/Library/Frameworks/CoreServices.framework/Versions/A/Frameworks/CarbonCore.framework/Versions/A/CarbonCore
0x000000018fd81000 	/System/Library/Frameworks/CoreServices.framework/Versions/A/Frameworks/Metadata.framework/Versions/A/Metadata
0x0000000194e0f000 	/System/Library/Frameworks/CoreServices.framework/Versions/A/Frameworks/OSServices.framework/Versions/A/OSServices
0x000000019547c000 	/System/Library/Frameworks/CoreServices.framework/Versions/A/Frameworks/SearchKit.framework/Versions/A/SearchKit
0x000000018ebc5000 	/System/Library/Frameworks/CoreServices.framework/Versions/A/Frameworks/AE.framework/Versions/A/AE
0x0000000187698000 	/System/Library/Frameworks/CoreServices.framework/Versions/A/Frameworks/LaunchServices.framework/Versions/A/LaunchServices
0x0000000196892000 	/System/Library/Frameworks/CoreServices.framework/Versions/A/Frameworks/DictionaryServices.framework/Versions/A/DictionaryServices
0x000000019091a000 	/System/Library/Frameworks/CoreServices.framework/Versions/A/Frameworks/SharedFileList.framework/Versions/A/SharedFileList
0x00000001883ad000 	/System/Library/Frameworks/SystemConfiguration.framework/Versions/A/SystemConfiguration
0x0000000195511000 	/usr/lib/libapple_nghttp2.dylib
0x000000019555a000 	/usr/lib/libcompression.dylib
0x000000018e826000 	/usr/lib/libsqlite3.dylib
0x000000018fced000 	/System/Library/PrivateFrameworks/CoreAnalytics.framework/Versions/A/CoreAnalytics
0x000000018d651000 	/System/Library/Frameworks/CoreGraphics.framework/Versions/A/CoreGraphics
0x000000019954d000 	/System/Library/Frameworks/GSS.framework/Versions/A/GSS
0x0000000197af7000 	/System/Library/PrivateFrameworks/InternationalSupport.framework/Versions/A/InternationalSupport
0x000000018eb5c000 	/System/Library/PrivateFrameworks/RunningBoardServices.framework/Versions/A/RunningBoardServices
0x000000018d074000 	/usr/lib/libenergytrace.dylib
0x000000018ec53000 	/System/Library/Frameworks/Network.framework/Versions/A/Network
0x000000018fd1e000 	/usr/lib/libDiagnosticMessagesClient.dylib
0x000000019471f000 	/usr/lib/libbsm.0.dylib
0x00000001952c9000 	/usr/lib/system/libkxld.dylib
0x000000023121d000 	/System/Library/PrivateFrameworks/AppleKeyStore.framework/Versions/A/AppleKeyStore
0x000000026ebd9000 	/usr/lib/libCoreEntitlements.dylib
0x000000024c659000 	/System/Library/PrivateFrameworks/MessageSecurity.framework/Versions/A/MessageSecurity
0x000000018e80b000 	/System/Library/PrivateFrameworks/ProtocolBuffer.framework/Versions/A/ProtocolBuffer
0x000000018d076000 	/usr/lib/libMobileGestalt.dylib
0x0000000194def000 	/System/Library/PrivateFrameworks/AppleFSCompression.framework/Versions/A/AppleFSCompression
0x0000000194707000 	/usr/lib/libcoretls.dylib
0x0000000196908000 	/usr/lib/libcoretls_cfhelpers.dylib
0x0000000195554000 	/usr/lib/libpam.2.dylib
0x000000019697c000 	/usr/lib/libxar.1.dylib
0x0000000190948000 	/System/Library/PrivateFrameworks/CoreAutoLayout.framework/Versions/A/CoreAutoLayout
0x000000018fe0c000 	/System/Library/Frameworks/DiskArbitration.framework/Versions/A/DiskArbitration
0x0000000195384000 	/usr/lib/libarchive.2.dylib
0x0000000190992000 	/usr/lib/libxml2.2.dylib
0x00000001936ff000 	/usr/lib/liblangid.dylib
0x000000019ac4f000 	/System/Library/Frameworks/Combine.framework/Versions/A/Combine
0x0000000235687000 	/System/Library/PrivateFrameworks/CollectionsInternal.framework/Versions/A/CollectionsInternal
0x0000000255680000 	/System/Library/PrivateFrameworks/ReflectionInternal.framework/Versions/A/ReflectionInternal
0x0000000256352000 	/System/Library/PrivateFrameworks/RuntimeInternal.framework/Versions/A/RuntimeInternal
0x00000001b0512000 	/usr/lib/swift/libswiftCoreFoundation.dylib
0x00000001ad926000 	/usr/lib/swift/libswiftDarwin.dylib
0x000000019e84b000 	/usr/lib/swift/libswiftDispatch.dylib
0x00000001b056d000 	/usr/lib/swift/libswiftIOKit.dylib
0x000000026fe05000 	/usr/lib/swift/libswiftSystem.dylib
0x00000001b0524000 	/usr/lib/swift/libswiftXPC.dylib
0x000000026fe74000 	/usr/lib/swift/libswift_Builtin_float.dylib
0x000000026fe77000 	/usr/lib/swift/libswift_Concurrency.dylib
0x000000026ffd6000 	/usr/lib/swift/libswift_StringProcessing.dylib
0x0000000270069000 	/usr/lib/swift/libswift_errno.dylib
0x000000027006b000 	/usr/lib/swift/libswift_math.dylib
0x000000027006e000 	/usr/lib/swift/libswift_signal.dylib
0x000000027006f000 	/usr/lib/swift/libswift_stdio.dylib
0x0000000270070000 	/usr/lib/swift/libswift_time.dylib
0x00000001a14bc000 	/usr/lib/swift/libswiftos.dylib
0x0000000270071000 	/usr/lib/swift/libswiftsys_time.dylib
0x0000000270072000 	/usr/lib/swift/libswiftunistd.dylib
0x00000001936fa000 	/System/Library/PrivateFrameworks/AppleSystemInfo.framework/Versions/A/AppleSystemInfo
0x00000001b03fd000 	/System/Library/PrivateFrameworks/LoggingSupport.framework/Versions/A/LoggingSupport
0x000000019dd0c000 	/System/Library/PrivateFrameworks/PowerLog.framework/Versions/A/PowerLog
0x00000001edf0e000 	/System/Library/Frameworks/SwiftData.framework/Versions/A/SwiftData
0x000000018c705000 	/System/Library/Frameworks/UniformTypeIdentifiers.framework/Versions/A/UniformTypeIdentifiers
0x0000000190b1d000 	/System/Library/PrivateFrameworks/UserManagement.framework/Versions/A/UserManagement
0x000000018cbbc000 	/usr/lib/libboringssl.dylib
0x000000018ec39000 	/usr/lib/libdns_services.dylib
0x00000001af5b1000 	/usr/lib/libquic.dylib
0x00000001987f9000 	/usr/lib/libusrtcp.dylib
0x00000001d3f03000 	/System/Library/PrivateFrameworks/InternalSwiftProtobuf.framework/Versions/A/InternalSwiftProtobuf
0x000000026fd62000 	/usr/lib/swift/libswiftDistributed.dylib
0x000000026fd8e000 	/usr/lib/swift/libswiftObservation.dylib
0x000000026fdfb000 	/usr/lib/swift/libswiftSynchronization.dylib
0x000000018cc8d000 	/usr/lib/libnetwork.dylib
0x00000001c1129000 	/System/Library/PrivateFrameworks/OSAnalytics.framework/Versions/A/OSAnalytics
0x00000001954ec000 	/System/Library/PrivateFrameworks/AppleSauce.framework/Versions/A/AppleSauce
0x000000019efe1000 	/System/Library/PrivateFrameworks/CoreSymbolication.framework/Versions/A/CoreSymbolication
0x00000001cfbcf000 	/System/Library/PrivateFrameworks/Symbolication.framework/Versions/A/Symbolication
0x000000019efbd000 	/System/Library/PrivateFrameworks/DebugSymbols.framework/Versions/A/DebugSymbols
0x000000026eaa4000 	/usr/lib/libAppleArchive.dylib
0x0000000194dfb000 	/usr/lib/libbz2.1.0.dylib
0x00000001968e9000 	/usr/lib/liblzma.5.dylib
0x00000001943f7000 	/System/Library/PrivateFrameworks/IOMobileFramebuffer.framework/Versions/A/IOMobileFramebuffer
0x00000001924b8000 	/System/Library/Frameworks/IOSurface.framework/Versions/A/IOSurface
0x00000001b0486000 	/System/Library/PrivateFrameworks/MallocStackLogging.framework/Versions/A/MallocStackLogging
0x0000000196ad7000 	/System/Library/PrivateFrameworks/CrashReporterSupport.framework/Versions/A/CrashReporterSupport
0x00000001881a4000 	/System/Library/PrivateFrameworks/Lexicon.framework/Versions/A/Lexicon
0x00000002449a9000 	/System/Library/PrivateFrameworks/IO80211.framework/Versions/A/IO80211
0x000000019eae3000 	/System/Library/PrivateFrameworks/FrontBoardServices.framework/Versions/A/FrontBoardServices
0x000000019462f000 	/System/Library/Frameworks/SecurityFoundation.framework/Versions/A/SecurityFoundation
0x0000000194791000 	/usr/lib/libgermantok.dylib
0x000000019381e000 	/System/Library/PrivateFrameworks/LinguisticData.framework/Versions/A/LinguisticData
0x000000018ea77000 	/System/Library/PrivateFrameworks/BaseBoard.framework/Versions/A/BaseBoard
0x000000019ebb0000 	/System/Library/PrivateFrameworks/BoardServices.framework/Versions/A/BoardServices
0x0000000194620000 	/System/Library/PrivateFrameworks/AssertionServices.framework/Versions/A/AssertionServices
0x00000001a0800000 	/System/Library/PrivateFrameworks/BackBoardServices.framework/Versions/A/BackBoardServices
0x0000000192f02000 	/System/Library/Frameworks/ImageIO.framework/Versions/A/ImageIO
0x000000018d12b000 	/System/Library/PrivateFrameworks/SkyLight.framework/Versions/A/SkyLight
0x00000001928d2000 	/System/Library/PrivateFrameworks/FontServices.framework/libFontParser.dylib
0x000000019cfff000 	/System/Library/Frameworks/Accelerate.framework/Versions/A/Accelerate
0x000000018d108000 	/System/Library/PrivateFrameworks/TCC.framework/Versions/A/TCC
0x00000001a439b000 	/System/Library/PrivateFrameworks/IOSurfaceAccelerator.framework/Versions/A/IOSurfaceAccelerator
0x00000001973c2000 	/System/Library/PrivateFrameworks/WatchdogClient.framework/Versions/A/WatchdogClient
0x00000001896ee000 	/System/Library/Frameworks/CoreDisplay.framework/Versions/A/CoreDisplay
0x0000000192776000 	/System/Library/Frameworks/CoreMedia.framework/Versions/A/CoreMedia
0x00000001924d1000 	/System/Library/PrivateFrameworks/IOAccelerator.framework/Versions/A/IOAccelerator
0x00000001924db000 	/System/Library/Frameworks/Metal.framework/Versions/A/Metal
0x0000000190a7c000 	/System/Library/Frameworks/CoreVideo.framework/Versions/A/CoreVideo
0x0000000195552000 	/System/Library/Frameworks/MetalPerformanceShaders.framework/Versions/A/MetalPerformanceShaders
0x00000001973c4000 	/System/Library/PrivateFrameworks/MultitouchSupport.framework/Versions/A/MultitouchSupport
0x0000000190225000 	/System/Library/Frameworks/QuartzCore.framework/Versions/A/QuartzCore
0x00000002549d1000 	/System/Library/PrivateFrameworks/ProDisplayLibrary.framework/Versions/A/ProDisplayLibrary
0x000000019740a000 	/System/Library/Frameworks/VideoToolbox.framework/Versions/A/VideoToolbox
0x00000001bd0c3000 	/usr/lib/swift/libswiftMetal.dylib
0x00000001cc099000 	/usr/lib/swift/libswiftOSLog.dylib
0x00000001c24ea000 	/usr/lib/swift/libswiftQuartzCore.dylib
0x00000001c6b2d000 	/usr/lib/swift/libswiftUniformTypeIdentifiers.dylib
0x00000001b3dc0000 	/usr/lib/swift/libswiftsimd.dylib
0x0000000194603000 	/System/Library/PrivateFrameworks/MobileKeyBag.framework/Versions/A/MobileKeyBag
0x00000001936f8000 	/System/Library/PrivateFrameworks/AggregateDictionary.framework/Versions/A/AggregateDictionary
0x000000019690a000 	/System/Library/PrivateFrameworks/APFS.framework/Versions/A/APFS
0x000000019698b000 	/usr/lib/libutil.dylib
0x000000025f890000 	/System/Library/PrivateFrameworks/SwiftASN1Internal.framework/Versions/A/SwiftASN1Internal
0x000000018fe15000 	/System/Library/Frameworks/Accelerate.framework/Versions/A/Frameworks/vImage.framework/Versions/A/vImage
0x000000019cd2e000 	/System/Library/Frameworks/Accelerate.framework/Versions/A/Frameworks/vecLib.framework/Versions/A/vecLib
0x00000001969c3000 	/System/Library/Frameworks/Accelerate.framework/Versions/A/Frameworks/vecLib.framework/Versions/A/libvMisc.dylib
0x0000000187b10000 	/System/Library/Frameworks/Accelerate.framework/Versions/A/Frameworks/vecLib.framework/Versions/A/libBLAS.dylib
0x00000001a0f12000 	/System/Library/Frameworks/ApplicationServices.framework/Versions/A/ApplicationServices
0x000000018dd81000 	/System/Library/Frameworks/ColorSync.framework/Versions/A/ColorSync
0x0000000189bc7000 	/System/Library/Frameworks/CoreText.framework/Versions/A/CoreText
0x0000000199124000 	/System/Library/Frameworks/ApplicationServices.framework/Versions/A/Frameworks/ATS.framework/Versions/A/ATS
0x000000018df37000 	/System/Library/Frameworks/ApplicationServices.framework/Versions/A/Frameworks/HIServices.framework/Versions/A/HIServices
0x00000001979e0000 	/System/Library/Frameworks/ApplicationServices.framework/Versions/A/Frameworks/PrintCore.framework/Versions/A/PrintCore
0x0000000199517000 	/System/Library/Frameworks/ApplicationServices.framework/Versions/A/Frameworks/QD.framework/Versions/A/QD
0x000000019950e000 	/System/Library/Frameworks/ApplicationServices.framework/Versions/A/Frameworks/ColorSyncLegacy.framework/Versions/A/ColorSyncLegacy
0x00000001990f6000 	/System/Library/Frameworks/ApplicationServices.framework/Versions/A/Frameworks/SpeechSynthesis.framework/Versions/A/SpeechSynthesis
0x00000001943c4000 	/System/Library/PrivateFrameworks/CoreEmoji.framework/Versions/A/CoreEmoji
0x000000023ba82000 	/System/Library/PrivateFrameworks/FontServices.framework/Versions/A/FontServices
0x0000000196f10000 	/System/Library/PrivateFrameworks/OTSVG.framework/Versions/A/OTSVG
0x00000001905f9000 	/System/Library/Frameworks/ApplicationServices.framework/Versions/A/Frameworks/ATS.framework/Versions/A/Resources/libFontRegistry.dylib
0x000000026f165000 	/usr/lib/libhvf.dylib
0x00000002508df000 	/System/Library/PrivateFrameworks/ParsingInternal.framework/Versions/A/ParsingInternal
0x000000026fdab000 	/usr/lib/swift/libswiftRegexBuilder.dylib
0x000000026ff33000 	/usr/lib/swift/libswift_RegexParser.dylib
0x000000019728b000 	/System/Library/PrivateFrameworks/AppleJPEG.framework/Versions/A/AppleJPEG
0x0000000196d2c000 	/usr/lib/libexpat.1.dylib
0x00000001978b6000 	/System/Library/Frameworks/ImageIO.framework/Versions/A/Resources/libPng.dylib
0x00000001978e1000 	/System/Library/Frameworks/ImageIO.framework/Versions/A/Resources/libTIFF.dylib
0x00000001979cb000 	/System/Library/Frameworks/ImageIO.framework/Versions/A/Resources/libGIF.dylib
0x00000001972d1000 	/System/Library/Frameworks/ImageIO.framework/Versions/A/Resources/libJP2.dylib
0x0000000196a3d000 	/usr/lib/libate.dylib
0x0000000197972000 	/System/Library/Frameworks/ImageIO.framework/Versions/A/Resources/libJPEG.dylib
0x0000000197969000 	/System/Library/Frameworks/ImageIO.framework/Versions/A/Resources/libRadiance.dylib
0x0000000240750000 	/System/Library/PrivateFrameworks/GPUCompiler.framework/Versions/32023/Libraries/libllvm-flatbuffers.dylib
0x000000023bb4d000 	/System/Library/PrivateFrameworks/FramePacing.framework/Versions/A/FramePacing
0x00000001e7a0b000 	/System/Library/Frameworks/OpenGL.framework/Versions/A/Libraries/libCoreFSCache.dylib
0x000000023c6c2000 	/System/Library/PrivateFrameworks/GPUCompiler.framework/Versions/32023/Libraries/libGPUCompilerUtils.dylib
0x000000023ba83000 	/System/Library/PrivateFrameworks/FontServices.framework/libXTFontStaticRegistryData.dylib
0x0000000193281000 	/System/Library/Frameworks/CoreImage.framework/Versions/A/CoreImage
0x00000001a2601000 	/System/Library/PrivateFrameworks/ASEProcessing.framework/Versions/A/ASEProcessing
0x0000000253b40000 	/System/Library/PrivateFrameworks/PhotosensitivityProcessing.framework/Versions/A/PhotosensitivityProcessing
0x00000001e7a19000 	/System/Library/Frameworks/OpenGL.framework/Versions/A/OpenGL
0x0000000196f04000 	/System/Library/PrivateFrameworks/GraphVisualizer.framework/Versions/A/GraphVisualizer
0x00000001e7a69000 	/System/Library/Frameworks/OpenGL.framework/Versions/A/Libraries/libGLU.dylib
0x00000001e7a2d000 	/System/Library/Frameworks/OpenGL.framework/Versions/A/Libraries/libGFXShared.dylib
0x00000001e7bf5000 	/System/Library/Frameworks/OpenGL.framework/Versions/A/Libraries/libGL.dylib
0x00000001e7a36000 	/System/Library/Frameworks/OpenGL.framework/Versions/A/Libraries/libGLImage.dylib
0x00000001e7a2a000 	/System/Library/Frameworks/OpenGL.framework/Versions/A/Libraries/libCVMSPluginSupport.dylib
0x00000001e7a13000 	/System/Library/Frameworks/OpenGL.framework/Versions/A/Libraries/libCoreVMClient.dylib
0x000000019363c000 	/System/Library/Frameworks/MetalPerformanceShaders.framework/Versions/A/Frameworks/MPSCore.framework/Versions/A/MPSCore
0x0000000194d5a000 	/System/Library/Frameworks/MetalPerformanceShaders.framework/Versions/A/Frameworks/MPSImage.framework/Versions/A/MPSImage
0x00000001947a9000 	/System/Library/Frameworks/MetalPerformanceShaders.framework/Versions/A/Frameworks/MPSNeuralNetwork.framework/Versions/A/MPSNeuralNetwork
0x0000000194be0000 	/System/Library/Frameworks/MetalPerformanceShaders.framework/Versions/A/Frameworks/MPSMatrix.framework/Versions/A/MPSMatrix
0x00000001949f5000 	/System/Library/Frameworks/MetalPerformanceShaders.framework/Versions/A/Frameworks/MPSRayIntersector.framework/Versions/A/MPSRayIntersector
0x0000000194c12000 	/System/Library/Frameworks/MetalPerformanceShaders.framework/Versions/A/Frameworks/MPSNDArray.framework/Versions/A/MPSNDArray
0x00000001eb300000 	/System/Library/Frameworks/MetalPerformanceShaders.framework/Versions/A/Frameworks/MPSFunctions.framework/Versions/A/MPSFunctions
0x00000001eb2e2000 	/System/Library/Frameworks/MetalPerformanceShaders.framework/Versions/A/Frameworks/MPSBenchmarkLoop.framework/Versions/A/MPSBenchmarkLoop
0x000000018798b000 	/System/Library/PrivateFrameworks/MetalTools.framework/Versions/A/MetalTools
0x00000001b5166000 	/System/Library/PrivateFrameworks/IOAccelMemoryInfo.framework/Versions/A/IOAccelMemoryInfo
0x00000001c28df000 	/System/Library/PrivateFrameworks/kperf.framework/Versions/A/kperf
0x00000001b04ed000 	/System/Library/PrivateFrameworks/GPURawCounter.framework/Versions/A/GPURawCounter
0x000000019799d000 	/System/Library/Frameworks/ApplicationServices.framework/Versions/A/Frameworks/ATSUI.framework/Versions/A/ATSUI
0x00000001994a2000 	/usr/lib/libcups.2.dylib
0x000000019953c000 	/System/Library/Frameworks/Kerberos.framework/Versions/A/Kerberos
0x00000001991a2000 	/usr/lib/libresolv.9.dylib
0x0000000195369000 	/usr/lib/libiconv.2.dylib
0x0000000196f62000 	/System/Library/PrivateFrameworks/Heimdal.framework/Versions/A/Heimdal
0x00000001a140f000 	/System/Library/Frameworks/Kerberos.framework/Versions/A/Libraries/libHeimdalProxy.dylib
0x0000000196d47000 	/usr/lib/libheimdal-asn1.dylib
0x00000001908df000 	/System/Library/Frameworks/OpenDirectory.framework/Versions/A/OpenDirectory
0x000000019959f000 	/System/Library/PrivateFrameworks/CommonAuth.framework/Versions/A/CommonAuth
0x00000001908ed000 	/System/Library/Frameworks/OpenDirectory.framework/Versions/A/Frameworks/CFOpenDirectory.framework/Versions/A/CFOpenDirectory
0x00000001952c4000 	/usr/lib/libcharset.1.dylib
0x00000001e7f91000 	/System/Library/Frameworks/AVFAudio.framework/Versions/A/AVFAudio
0x00000001a9bd5000 	/System/Library/PrivateFrameworks/AXCoreUtilities.framework/Versions/A/AXCoreUtilities
0x0000000198ed5000 	/System/Library/Frameworks/AudioToolbox.framework/Versions/A/AudioToolbox
0x0000000189de6000 	/System/Library/Frameworks/CoreAudio.framework/Versions/A/CoreAudio
0x00000002482d8000 	/System/Library/PrivateFrameworks/IsolatedCoreAudioClient.framework/Versions/A/IsolatedCoreAudioClient
0x00000001990dd000 	/usr/lib/libAudioStatistics.dylib
0x000000019274e000 	/System/Library/PrivateFrameworks/caulk.framework/Versions/A/caulk
0x000000018980f000 	/System/Library/PrivateFrameworks/AudioToolboxCore.framework/Versions/A/AudioToolboxCore
0x00000001a3727000 	/System/Library/Frameworks/CoreMIDI.framework/Versions/A/CoreMIDI
0x0000000199080000 	/System/Library/PrivateFrameworks/AudioSession.framework/Versions/A/AudioSession
0x000000019a9b7000 	/System/Library/Frameworks/IOBluetooth.framework/Versions/A/IOBluetooth
0x0000000196e31000 	/System/Library/PrivateFrameworks/MediaExperience.framework/Versions/A/MediaExperience
0x000000026234b000 	/System/Library/PrivateFrameworks/Tightbeam.framework/Versions/A/Tightbeam
0x0000000236144000 	/System/Library/PrivateFrameworks/CoreAudioOrchestration.framework/Versions/A/CoreAudioOrchestration
0x00000001c71ff000 	/System/Library/PrivateFrameworks/AFKUser.framework/Versions/A/AFKUser
0x00000001db228000 	/System/Library/PrivateFrameworks/FeatureFlags.framework/Versions/A/FeatureFlags
0x00000001b04f1000 	/usr/lib/swift/libswiftCoreAudio.dylib
0x0000000196f51000 	/System/Library/PrivateFrameworks/AppServerSupport.framework/Versions/A/AppServerSupport
0x0000000199520000 	/System/Library/PrivateFrameworks/perfdata.framework/Versions/A/perfdata
0x00000001af6aa000 	/System/Library/PrivateFrameworks/SystemPolicy.framework/Versions/A/SystemPolicy
0x00000001993c1000 	/usr/lib/libSMC.dylib
0x0000000197880000 	/usr/lib/libAudioToolboxUtility.dylib
0x000000019952e000 	/usr/lib/libperfcheck.dylib
0x0000000231fda000 	/System/Library/PrivateFrameworks/AudioAnalytics.framework/Versions/A/AudioAnalytics
0x00000001d3cca000 	/System/Library/Frameworks/OSLog.framework/Versions/A/OSLog
0x00000001b04b8000 	/usr/lib/libmis.dylib
0x0000000198e8e000 	/System/Library/PrivateFrameworks/AudioSession.framework/libSessionUtility.dylib
0x00000001979d1000 	/System/Library/PrivateFrameworks/CMCaptureCore.framework/Versions/A/CMCaptureCore
0x0000000196f5b000 	/usr/lib/libspindump.dylib
0x00000001e9632000 	/System/Library/Frameworks/ExtensionFoundation.framework/Versions/A/ExtensionFoundation
0x000000019f0ee000 	/System/Library/PrivateFrameworks/CoreTime.framework/Versions/A/CoreTime
0x0000000196c2b000 	/System/Library/PrivateFrameworks/PlugInKit.framework/Versions/A/PlugInKit
0x000000019dc15000 	/System/Library/Frameworks/CoreBluetooth.framework/Versions/A/CoreBluetooth
0x00000001a1410000 	/System/Library/Frameworks/AudioUnit.framework/Versions/A/AudioUnit
0x0000000194488000 	/System/Library/PrivateFrameworks/CoreUtils.framework/Versions/A/CoreUtils
0x00000002390e8000 	/System/Library/PrivateFrameworks/CoreUtilsExtras.framework/Versions/A/CoreUtilsExtras
0x000000019d04f000 	/System/Library/Frameworks/MediaAccessibility.framework/Versions/A/MediaAccessibility
0x00000001b8b02000 	/System/Library/PrivateFrameworks/AttributeGraph.framework/Versions/A/AttributeGraph
0x000000026ea22000 	/usr/lib/libAXSafeCategoryBundle.dylib
0x00000001a9c91000 	/usr/lib/libAccessibility.dylib
0x00000001942d2000 	/System/Library/Frameworks/Accelerate.framework/Versions/A/Frameworks/vecLib.framework/Versions/A/libvDSP.dylib
0x0000000195630000 	/System/Library/Frameworks/Accelerate.framework/Versions/A/Frameworks/vecLib.framework/Versions/A/libLAPACK.dylib
0x0000000194794000 	/System/Library/Frameworks/Accelerate.framework/Versions/A/Frameworks/vecLib.framework/Versions/A/libLinearAlgebra.dylib
0x000000019552b000 	/System/Library/Frameworks/Accelerate.framework/Versions/A/Frameworks/vecLib.framework/Versions/A/libSparseBLAS.dylib
0x000000019562b000 	/System/Library/Frameworks/Accelerate.framework/Versions/A/Frameworks/vecLib.framework/Versions/A/libQuadrature.dylib
0x0000000193825000 	/System/Library/Frameworks/Accelerate.framework/Versions/A/Frameworks/vecLib.framework/Versions/A/libBNNS.dylib
0x00000001882b1000 	/System/Library/Frameworks/Accelerate.framework/Versions/A/Frameworks/vecLib.framework/Versions/A/libSparse.dylib
0x0000000249a49000 	/System/Library/PrivateFrameworks/MIL.framework/Versions/A/MIL
0x0000000197964000 	/System/Library/PrivateFrameworks/GPUWrangler.framework/Versions/A/GPUWrangler
0x0000000197944000 	/System/Library/PrivateFrameworks/IOPresentment.framework/Versions/A/IOPresentment
0x000000019796c000 	/System/Library/PrivateFrameworks/DSExternalDisplay.framework/Versions/A/DSExternalDisplay
0x00000001d40d1000 	/System/Library/PrivateFrameworks/HIDDisplay.framework/Versions/A/HIDDisplay
0x00000001a8eb0000 	/System/Library/PrivateFrameworks/HID.framework/Versions/A/HID
0x0000000265b87000 	/System/Library/PrivateFrameworks/VideoToolboxParavirtualizationSupport.framework/Versions/A/VideoToolboxParavirtualizationSupport
0x0000000196ce3000 	/System/Library/PrivateFrameworks/AppleVA.framework/Versions/A/AppleVA
0x000000019ec5d000 	/System/Library/PrivateFrameworks/GraphicsServices.framework/Versions/A/GraphicsServices
0x000000018e3b0000 	/System/Library/Frameworks/CoreData.framework/Versions/A/CoreData
0x0000000199712000 	/System/Library/PrivateFrameworks/CorePhoneNumbers.framework/Versions/A/CorePhoneNumbers
0x000000019ddfd000 	/System/Library/PrivateFrameworks/MediaKit.framework/Versions/A/MediaKit
0x000000019dd48000 	/System/Library/Frameworks/DiscRecording.framework/Versions/A/DiscRecording
0x00000001e8f5e000 	/System/Library/Frameworks/CoreTransferable.framework/Versions/A/CoreTransferable
0x0000000199501000 	/System/Library/PrivateFrameworks/NetAuth.framework/Versions/A/NetAuth
0x0000000196d9e000 	/System/Library/PrivateFrameworks/IconServices.framework/Versions/A/IconServices
0x0000000190add000 	/System/Library/PrivateFrameworks/login.framework/Versions/A/Frameworks/loginsupport.framework/Versions/A/loginsupport
0x00000001b056c000 	/usr/lib/swift/libswiftCoreImage.dylib
0x0000000196d51000 	/System/Library/PrivateFrameworks/IconFoundation.framework/Versions/A/IconFoundation
0x000000019064b000 	/System/Library/PrivateFrameworks/CoreUI.framework/Versions/A/CoreUI
0x0000000197a57000 	/System/Library/PrivateFrameworks/TextureIO.framework/Versions/A/TextureIO
0x0000000192ec7000 	/System/Library/PrivateFrameworks/CoreSVG.framework/Versions/A/CoreSVG
0x00000001c6b3c000 	/usr/lib/swift/libswiftAccelerate.dylib
0x0000000196ace000 	/usr/lib/libIOReport.dylib
0x0000000231bea000 	/System/Library/PrivateFrameworks/AppleMobileFileIntegrity.framework/Versions/A/AppleMobileFileIntegrity
0x000000026ede4000 	/usr/lib/libTLE.dylib
0x00000001e4a67000 	/System/Library/PrivateFrameworks/ConfigProfileHelper.framework/Versions/A/ConfigProfileHelper
0x0000000194731000 	/usr/lib/libmecab.dylib
0x0000000188441000 	/usr/lib/libCRFSuite.dylib
0x0000000193701000 	/System/Library/PrivateFrameworks/CoreNLP.framework/Versions/A/CoreNLP
0x00000001954e4000 	/usr/lib/libThaiTokenizer.dylib
0x0000000197dff000 	/System/Library/PrivateFrameworks/DataDetectorsCore.framework/Versions/A/DataDetectorsCore
0x00000001b3e69000 	/System/Library/PrivateFrameworks/TextInput.framework/Versions/A/TextInput
0x000000018c553000 	/System/Library/PrivateFrameworks/UIFoundation.framework/Versions/A/UIFoundation
0x00000001946fb000 	/usr/lib/libCheckFix.dylib
0x000000018fd20000 	/System/Library/PrivateFrameworks/MetadataUtilities.framework/Versions/A/MetadataUtilities
0x000000024528b000 	/System/Library/PrivateFrameworks/InstalledContentLibrary.framework/Versions/A/InstalledContentLibrary
0x000000018af30000 	/System/Library/PrivateFrameworks/CoreServicesStore.framework/Versions/A/CoreServicesStore
0x0000000190944000 	/usr/lib/libapp_launch_measurement.dylib
0x00000001c29e9000 	/System/Library/PrivateFrameworks/MobileSystemServices.framework/Versions/A/MobileSystemServices
0x000000019698f000 	/usr/lib/libxslt.1.dylib
0x00000001946be000 	/System/Library/PrivateFrameworks/BackgroundTaskManagement.framework/Versions/A/BackgroundTaskManagement
0x00000001a0b83000 	/usr/lib/libcurl.4.dylib
0x000000026f018000 	/usr/lib/libcrypto.46.dylib
0x000000026fb40000 	/usr/lib/libssl.48.dylib
0x00000001a085c000 	/System/Library/Frameworks/LDAP.framework/Versions/A/LDAP
0x00000001a0898000 	/System/Library/PrivateFrameworks/TrustEvaluationAgent.framework/Versions/A/TrustEvaluationAgent
0x00000001991bf000 	/usr/lib/libsasl2.2.dylib
0x00000001a38fa000 	/System/Library/Frameworks/Cocoa.framework/Versions/A/Cocoa
0x000000018b0c1000 	/System/Library/Frameworks/AppKit.framework/Versions/C/AppKit
0x0000000235663000 	/System/Library/PrivateFrameworks/CollectionViewCore.framework/Versions/A/CollectionViewCore
0x000000019c920000 	/System/Library/PrivateFrameworks/RemoteViewServices.framework/Versions/A/RemoteViewServices
0x0000000192ec1000 	/System/Library/PrivateFrameworks/XCTTargetBootstrap.framework/Versions/A/XCTTargetBootstrap
0x0000000197e4e000 	/System/Library/PrivateFrameworks/UserActivity.framework/Versions/A/UserActivity
0x00000002640d3000 	/System/Library/PrivateFrameworks/UIIntelligenceSupport.framework/Versions/A/UIIntelligenceSupport
0x00000001ee049000 	/System/Library/Frameworks/SwiftUICore.framework/Versions/A/SwiftUICore
0x000000026914c000 	/System/Library/PrivateFrameworks/WritingTools.framework/Versions/A/WritingTools
0x0000000268194000 	/System/Library/PrivateFrameworks/WindowManagement.framework/Versions/A/WindowManagement
0x0000000192eac000 	/System/Library/PrivateFrameworks/DFRFoundation.framework/Versions/A/DFRFoundation
0x0000000192ba5000 	/System/Library/Frameworks/Carbon.framework/Versions/A/Frameworks/HIToolbox.framework/Versions/A/HIToolbox
0x000000019c95c000 	/System/Library/Frameworks/Carbon.framework/Versions/A/Frameworks/SpeechRecognition.framework/Versions/A/SpeechRecognition
0x00000001a820f000 	/System/Library/PrivateFrameworks/RenderBox.framework/Versions/A/RenderBox
0x00000001908d5000 	/System/Library/PrivateFrameworks/PerformanceAnalysis.framework/Versions/A/PerformanceAnalysis
0x000000019ccd4000 	/System/Library/Frameworks/Accessibility.framework/Versions/A/Accessibility
0x00000001e94e2000 	/System/Library/Frameworks/DataDetection.framework/Versions/A/DataDetection
0x00000001e94e5000 	/System/Library/Frameworks/DeveloperToolsSupport.framework/Versions/A/DeveloperToolsSupport
0x00000001eec0c000 	/System/Library/Frameworks/Symbols.framework/Versions/A/Symbols
0x000000026fd61000 	/usr/lib/swift/libswiftDataDetection.dylib
0x00000001ad925000 	/usr/lib/swift/libswiftCoreGraphics.dylib
0x000000019d67d000 	/usr/lib/swift/libswiftFoundation.dylib
0x00000001e44f1000 	/usr/lib/swift/libswiftSwiftOnoneSupport.dylib
0x00000001d0383000 	/System/Library/PrivateFrameworks/CoreMaterial.framework/Versions/A/CoreMaterial
0x0000000256449000 	/System/Library/PrivateFrameworks/SFSymbols.framework/Versions/A/SFSymbols
0x000000019c949000 	/System/Library/PrivateFrameworks/SpeechRecognitionCore.framework/Versions/A/SpeechRecognitionCore
0x000000010b5bc000 	/opt/homebrew/Cellar/openjdk@17/17.0.15/libexec/openjdk.jdk/Contents/Home/lib/server/libjvm.dylib
0x000000010232c000 	/opt/homebrew/Cellar/openjdk@17/17.0.15/libexec/openjdk.jdk/Contents/Home/lib/libjimage.dylib
0x00000001023c8000 	/opt/homebrew/Cellar/openjdk@17/17.0.15/libexec/openjdk.jdk/Contents/Home/lib/libjava.dylib
0x000000010241c000 	/opt/homebrew/Cellar/openjdk@17/17.0.15/libexec/openjdk.jdk/Contents/Home/lib/libnio.dylib
0x000000010276c000 	/opt/homebrew/Cellar/openjdk@17/17.0.15/libexec/openjdk.jdk/Contents/Home/lib/libnet.dylib
0x000000010243c000 	/opt/homebrew/Cellar/openjdk@17/17.0.15/libexec/openjdk.jdk/Contents/Home/lib/libzip.dylib
0x0000000164bf8000 	/Users/kshivang/.skiko/651c27f75e71c71e6a7ce4a1c0c542a67bcdf156c73a22233ef5a16a5861e7a3/libskiko-macos-arm64.dylib
0x000000010b078000 	/opt/homebrew/Cellar/openjdk@17/17.0.15/libexec/openjdk.jdk/Contents/Home/lib/libawt.dylib
0x000000010b000000 	/opt/homebrew/Cellar/openjdk@17/17.0.15/libexec/openjdk.jdk/Contents/Home/lib/libmlib_image.dylib
0x00000001ea569000 	/System/Library/Frameworks/JavaRuntimeSupport.framework/Versions/A/JavaRuntimeSupport
0x00000001af0cd000 	/System/Library/Frameworks/Carbon.framework/Versions/A/Carbon
0x00000001a5dca000 	/System/Library/Frameworks/Carbon.framework/Versions/A/Frameworks/CommonPanels.framework/Versions/A/CommonPanels
0x00000001a0b6e000 	/System/Library/Frameworks/Carbon.framework/Versions/A/Frameworks/Help.framework/Versions/A/Help
0x00000001a5dce000 	/System/Library/Frameworks/Carbon.framework/Versions/A/Frameworks/ImageCapture.framework/Versions/A/ImageCapture
0x00000001a5daa000 	/System/Library/Frameworks/Carbon.framework/Versions/A/Frameworks/OpenScripting.framework/Versions/A/OpenScripting
0x00000001a5dc9000 	/System/Library/Frameworks/Carbon.framework/Versions/A/Frameworks/Ink.framework/Versions/A/Ink
0x00000001a5dc6000 	/System/Library/Frameworks/Carbon.framework/Versions/A/Frameworks/SecurityHI.framework/Versions/A/SecurityHI
0x000000010b240000 	/opt/homebrew/Cellar/openjdk@17/17.0.15/libexec/openjdk.jdk/Contents/Home/lib/libawt_lwawt.dylib
0x00000001027c4000 	/opt/homebrew/Cellar/openjdk@17/17.0.15/libexec/openjdk.jdk/Contents/Home/lib/libosxapp.dylib
0x00000001ad98a000 	/System/Library/Frameworks/ExceptionHandling.framework/Versions/A/ExceptionHandling
0x0000000102748000 	/opt/homebrew/Cellar/openjdk@17/17.0.15/libexec/openjdk.jdk/Contents/Home/lib/libfontmanager.dylib
0x000000012a668000 	/opt/homebrew/Cellar/harfbuzz/11.2.1/lib/libharfbuzz.0.dylib
0x000000010b374000 	/opt/homebrew/Cellar/freetype/2.13.3/lib/libfreetype.6.dylib
0x000000012b000000 	/opt/homebrew/Cellar/glib/2.84.2/lib/libglib-2.0.0.dylib
0x000000010b110000 	/opt/homebrew/Cellar/graphite2/1.3.14/lib/libgraphite2.3.2.1.dylib
0x000000010b134000 	/opt/homebrew/Cellar/libpng/1.6.48/lib/libpng16.16.dylib
0x000000010b1a4000 	/opt/homebrew/Cellar/gettext/0.25/lib/libintl.8.dylib
0x000000010b4a4000 	/opt/homebrew/Cellar/pcre2/10.45/lib/libpcre2-8.0.dylib
0x00000001907a4000 	/System/Library/PrivateFrameworks/ViewBridge.framework/Versions/A/ViewBridge
0x000000010b490000 	/usr/lib/libobjc-trampolines.dylib
0x00000001b9890000 	/System/Library/CoreServices/RawCamera.bundle/Contents/MacOS/RawCamera
0x00000001a1433000 	/System/Library/PrivateFrameworks/StreamingZip.framework/Versions/A/StreamingZip
0x00000001995b0000 	/System/Library/PrivateFrameworks/MobileAsset.framework/Versions/A/MobileAsset
0x00000001b6f4f000 	/System/Library/PrivateFrameworks/SoftwareUpdateCoreSupport.framework/Versions/A/SoftwareUpdateCoreSupport
0x00000001be8dc000 	/System/Library/PrivateFrameworks/SoftwareUpdateCoreConnect.framework/Versions/A/SoftwareUpdateCoreConnect
0x00000001a0ac3000 	/System/Library/PrivateFrameworks/RemoteServiceDiscovery.framework/Versions/A/RemoteServiceDiscovery
0x00000001b6bd5000 	/System/Library/PrivateFrameworks/MSUDataAccessor.framework/Versions/A/MSUDataAccessor
0x00000001b23d3000 	/usr/lib/libbootpolicy.dylib
0x00000001a0ad9000 	/System/Library/PrivateFrameworks/RemoteXPC.framework/Versions/A/RemoteXPC
0x00000001bdd2b000 	/usr/lib/libFDR.dylib
0x00000001c3e5c000 	/usr/lib/libamsupport.dylib
0x000000026ed79000 	/usr/lib/libReverseProxyDevice.dylib
0x0000000230c08000 	/System/Library/PrivateFrameworks/AppleDeviceQuerySupport.framework/Versions/A/AppleDeviceQuerySupport
0x00000001c6d34000 	/usr/lib/libpartition2_dynamic.dylib
0x0000000231049000 	/System/Library/PrivateFrameworks/AppleJPEGXL.framework/Versions/A/AppleJPEGXL
0x00000001a0538000 	/System/Library/PrivateFrameworks/CoreWiFi.framework/Versions/A/CoreWiFi
0x000000026f624000 	/usr/lib/libmrc.dylib
0x0000000244a06000 	/System/Library/PrivateFrameworks/IPConfiguration.framework/Versions/A/IPConfiguration
0x00000001d0347000 	/System/Library/PrivateFrameworks/Netrb.framework/Versions/A/Netrb
0x00000001db2b0000 	/System/Library/PrivateFrameworks/WiFiPeerToPeer.framework/Versions/A/WiFiPeerToPeer
0x00000001950e6000 	/System/Library/Frameworks/UserNotifications.framework/Versions/A/UserNotifications
0x000000019971c000 	/usr/lib/libTelephonyUtilDynamic.dylib
0x0000000197ebc000 	/System/Library/Frameworks/MediaToolbox.framework/Versions/A/MediaToolbox
0x000000019df24000 	/System/Library/PrivateFrameworks/CoreAVCHD.framework/Versions/A/CoreAVCHD
0x000000019df20000 	/System/Library/PrivateFrameworks/Mangrove.framework/Versions/A/Mangrove
0x0000000233a2f000 	/System/Library/PrivateFrameworks/CMPhoto.framework/Versions/A/CMPhoto
0x000000019e67f000 	/System/Library/Frameworks/CoreTelephony.framework/Versions/A/CoreTelephony
0x000000019df13000 	/System/Library/PrivateFrameworks/CoreAUC.framework/Versions/A/CoreAUC
0x00000001b657b000 	/System/Library/Frameworks/Accelerate.framework/Versions/A/Frameworks/vImage.framework/Versions/A/Libraries/libCGInterfaces.dylib
0x000000026ea26000 	/usr/lib/libAccessibilityBaseImplementations.dylib
0x0000000269151000 	/System/Library/PrivateFrameworks/WritingToolsUI.framework/Versions/A/WritingToolsUI
0x00000002418a5000 	/System/Library/PrivateFrameworks/GenerativeAssistantSettings.framework/Versions/A/GenerativeAssistantSettings
0x0000000260596000 	/System/Library/PrivateFrameworks/TextComposer.framework/Versions/A/TextComposer
0x00000001b0519000 	/usr/lib/swift/libswiftIntents.dylib
0x000000026fdbd000 	/usr/lib/swift/libswiftSpatial.dylib
0x00000001e80ea000 	/System/Library/Frameworks/AppIntents.framework/Versions/A/AppIntents
0x00000001b73db000 	/System/Library/Frameworks/SwiftUI.framework/Versions/A/SwiftUI
0x00000001ada01000 	/System/Library/Frameworks/WebKit.framework/Versions/A/WebKit
0x000000022cecc000 	/System/Library/Frameworks/_AuthenticationServices_SwiftUI.framework/Versions/A/_AuthenticationServices_SwiftUI
0x000000022faaa000 	/System/Library/PrivateFrameworks/Anvil.framework/Versions/A/Anvil
0x00000001b6a50000 	/System/Library/PrivateFrameworks/AppStoreDaemon.framework/Versions/A/AppStoreDaemon
0x00000001a3942000 	/System/Library/PrivateFrameworks/AppleMediaServices.framework/Versions/A/AppleMediaServices
0x00000001b34d8000 	/System/Library/PrivateFrameworks/AppleMediaServicesUI.framework/Versions/A/AppleMediaServicesUI
0x000000024187f000 	/System/Library/PrivateFrameworks/GenerativeAssistantCommon.framework/Versions/A/GenerativeAssistantCommon
0x00000001e3b0c000 	/System/Library/PrivateFrameworks/JetEngine.framework/Versions/A/JetEngine
0x00000002493af000 	/System/Library/PrivateFrameworks/LinkMetadata.framework/Versions/A/LinkMetadata
0x00000001b0d9b000 	/System/Library/PrivateFrameworks/OnBoardingKit.framework/Versions/A/OnBoardingKit
0x00000002572ad000 	/System/Library/PrivateFrameworks/Settings.framework/Versions/A/Settings
0x0000000195134000 	/System/Library/Frameworks/CoreSpotlight.framework/Versions/A/CoreSpotlight
0x00000002495f0000 	/System/Library/PrivateFrameworks/LinkServices.framework/Versions/A/LinkServices
0x0000000239d6f000 	/System/Library/PrivateFrameworks/DoNotDisturb.framework/Versions/A/DoNotDisturb
0x00000001b5276000 	/System/Library/PrivateFrameworks/IntentsCore.framework/Versions/A/IntentsCore
0x00000002323c7000 	/System/Library/PrivateFrameworks/AvailabilityKit.framework/Versions/A/AvailabilityKit
0x000000022fcf8000 	/System/Library/PrivateFrameworks/AppIntentSchemas.framework/Versions/A/AppIntentSchemas
0x000000025f0b3000 	/System/Library/PrivateFrameworks/StatusKit.framework/Versions/A/StatusKit
0x00000002555fb000 	/System/Library/PrivateFrameworks/RecapPerformanceTesting.framework/Versions/A/RecapPerformanceTesting
0x00000001b0d8b000 	/System/Library/PrivateFrameworks/SignpostCollection.framework/Versions/A/SignpostCollection
0x000000026ede3000 	/usr/lib/libSpatial.dylib
0x00000001a3338000 	/System/Library/Frameworks/WebKit.framework/Versions/A/Frameworks/WebKitLegacy.framework/Versions/A/WebKitLegacy
0x00000001a1270000 	/System/Library/PrivateFrameworks/CorePrediction.framework/Versions/A/CorePrediction
0x0000000191796000 	/System/Library/Frameworks/WebKit.framework/Versions/A/Frameworks/WebCore.framework/Versions/A/Frameworks/libwebrtc.dylib
0x00000001ad98d000 	/System/Library/PrivateFrameworks/SafariSafeBrowsing.framework/Versions/A/SafariSafeBrowsing
0x0000000199248000 	/System/Library/Frameworks/SecurityInterface.framework/Versions/A/SecurityInterface
0x00000001b0d9a000 	/System/Library/PrivateFrameworks/WebInspectorUI.framework/Versions/A/WebInspectorUI
0x00000001a5dd1000 	/System/Library/Frameworks/JavaScriptCore.framework/Versions/A/JavaScriptCore
0x00000001a9cc2000 	/System/Library/Frameworks/WebKit.framework/Versions/A/Frameworks/WebCore.framework/Versions/A/WebCore
0x00000001e8ac3000 	/System/Library/Frameworks/BrowserEngineCore.framework/Versions/A/BrowserEngineCore
0x000000022ca2d000 	/System/Library/Frameworks/WebKit.framework/Versions/A/Frameworks/WebCore.framework/Versions/A/Frameworks/libANGLE-shared.dylib
0x0000000267d4d000 	/System/Library/PrivateFrameworks/WebGPU.framework/Versions/A/WebGPU
0x00000001b2b6a000 	/System/Library/Frameworks/SceneKit.framework/Versions/A/SceneKit
0x00000001c320f000 	/System/Library/Frameworks/ModelIO.framework/Versions/A/ModelIO
0x000000019ab82000 	/System/Library/Frameworks/MetalKit.framework/Versions/A/MetalKit
0x000000019cc60000 	/System/Library/Frameworks/GLKit.framework/Versions/A/GLKit
0x00000002702f6000 	/usr/lib/usd/libusd_ms.dylib
0x000000026439d000 	/System/Library/PrivateFrameworks/USDLib_FormatLoaderProxy.framework/Versions/A/USDLib_FormatLoaderProxy
0x00000001affa3000 	/System/Library/PrivateFrameworks/CoreOptimization.framework/Versions/A/CoreOptimization
0x000000023229a000 	/System/Library/PrivateFrameworks/AuthenticationServicesCore.framework/Versions/A/AuthenticationServicesCore
0x00000001b9cef000 	/System/Library/Frameworks/AuthenticationServices.framework/Versions/A/AuthenticationServices
0x0000000196c07000 	/System/Library/PrivateFrameworks/SharedWebCredentials.framework/Versions/A/SharedWebCredentials
0x00000001b1bd6000 	/System/Library/PrivateFrameworks/SafariCore.framework/Versions/A/SafariCore
0x00000001b9849000 	/System/Library/PrivateFrameworks/SafariFoundation.framework/Versions/A/SafariFoundation
0x0000000233419000 	/System/Library/PrivateFrameworks/CBORLibrary.framework/Versions/A/CBORLibrary
0x00000002341be000 	/System/Library/PrivateFrameworks/Chirp.framework/Versions/A/Chirp
0x00000001e4d9c000 	/System/Library/PrivateFrameworks/RemoteManagement.framework/Versions/A/RemoteManagement
0x000000025594e000 	/System/Library/PrivateFrameworks/RemoteManagementModel.framework/Versions/A/RemoteManagementModel
0x00000002559db000 	/System/Library/PrivateFrameworks/RemoteManagementStore.framework/Versions/A/RemoteManagementStore
0x000000019aba0000 	/usr/lib/libxcselect.dylib
0x00000001b97b8000 	/System/Library/PrivateFrameworks/DifferentialPrivacy.framework/Versions/A/DifferentialPrivacy
0x000000019d92e000 	/System/Library/Frameworks/Contacts.framework/Versions/A/Contacts
0x0000000264bc0000 	/System/Library/PrivateFrameworks/VDAF.framework/Versions/A/VDAF
0x000000019d74b000 	/System/Library/PrivateFrameworks/ContactsPersistence.framework/Versions/A/ContactsPersistence
0x000000019c963000 	/System/Library/PrivateFrameworks/AppleLDAP.framework/Versions/A/AppleLDAP
0x00000001a0f17000 	/System/Library/Frameworks/ClassKit.framework/Versions/A/ClassKit
0x00000001a3064000 	/System/Library/PrivateFrameworks/CoreSuggestions.framework/Versions/A/CoreSuggestions
0x000000019d67e000 	/System/Library/PrivateFrameworks/ContactsFoundation.framework/Versions/A/ContactsFoundation
0x000000019ec1f000 	/System/Library/PrivateFrameworks/vCard.framework/Versions/A/vCard
0x0000000235981000 	/System/Library/PrivateFrameworks/ContactsMetrics.framework/Versions/A/ContactsMetrics
0x0000000197023000 	/System/Library/PrivateFrameworks/login.framework/Versions/A/login
0x000000024b733000 	/System/Library/PrivateFrameworks/ManagedOrganizationContacts.framework/Versions/A/ManagedOrganizationContacts
0x0000000190f02000 	/System/Library/PrivateFrameworks/CloudDocs.framework/Versions/A/CloudDocs
0x00000001a2653000 	/System/Library/PrivateFrameworks/ConfigurationProfiles.framework/Versions/A/ConfigurationProfiles
0x00000002392f8000 	/System/Library/PrivateFrameworks/DMCUtilities.framework/Versions/A/DMCUtilities
0x00000002499c6000 	/System/Library/PrivateFrameworks/MDMClientLibrary.framework/Versions/A/MDMClientLibrary
0x00000002559cf000 	/System/Library/PrivateFrameworks/RemoteManagementProtocol.framework/Versions/A/RemoteManagementProtocol
0x000000026ebef000 	/usr/lib/libEndpointSecuritySystem.dylib
0x000000019d089000 	/System/Library/PrivateFrameworks/SystemAdministration.framework/Versions/A/SystemAdministration
0x00000001a7808000 	/System/Library/PrivateFrameworks/PowerlogControl.framework/Versions/A/PowerlogControl
0x00000001946ed000 	/System/Library/Frameworks/ServiceManagement.framework/Versions/A/ServiceManagement
0x00000001a780a000 	/usr/lib/libUniversalAccess.dylib
0x00000001a43a6000 	/System/Library/PrivateFrameworks/FamilyControls.framework/Versions/A/FamilyControls
0x000000019c914000 	/System/Library/Frameworks/DirectoryService.framework/Versions/A/DirectoryService
0x00000001a0c05000 	/System/Library/PrivateFrameworks/LoginUIKit.framework/Versions/A/Frameworks/LoginUICore.framework/Versions/A/LoginUICore
0x0000000197213000 	/usr/lib/libodfde.dylib
0x00000001a43a0000 	/System/Library/PrivateFrameworks/UniversalAccess.framework/Versions/A/Libraries/libUAPreferences.dylib
0x00000001a43ca000 	/System/Library/PrivateFrameworks/CommerceKit.framework/Versions/A/Frameworks/CommerceCore.framework/Versions/A/CommerceCore
0x00000002392a6000 	/System/Library/PrivateFrameworks/DEPClientLibrary.framework/Versions/A/DEPClientLibrary
0x00000002392c6000 	/System/Library/PrivateFrameworks/DMCEnrollmentLibrary.framework/Versions/A/DMCEnrollmentLibrary
0x00000001a78ee000 	/System/Library/PrivateFrameworks/SetupAssistantFramework.framework/Versions/A/SetupAssistantFramework
0x00000001a12ca000 	/System/Library/PrivateFrameworks/AuthKitUI.framework/Versions/A/AuthKitUI
0x00000001a0c4f000 	/System/Library/PrivateFrameworks/AppSSO.framework/Versions/A/AppSSO
0x00000001b67b6000 	/System/Library/PrivateFrameworks/LocalAuthenticationUI.framework/Versions/A/LocalAuthenticationUI
0x0000000253ba5000 	/System/Library/PrivateFrameworks/PlatformSSO.framework/Versions/A/PlatformSSO
0x00000001b71a3000 	/System/Library/PrivateFrameworks/AOSUI.framework/Versions/A/AOSUI
0x00000001a937f000 	/System/Library/Frameworks/ContactsUI.framework/Versions/A/ContactsUI
0x000000019db65000 	/System/Library/PrivateFrameworks/FamilyCircle.framework/Versions/A/FamilyCircle
0x00000001c48bb000 	/System/Library/Frameworks/LinkPresentation.framework/Versions/A/LinkPresentation
0x0000000253c71000 	/System/Library/PrivateFrameworks/PlatformSSOCore.framework/Versions/A/PlatformSSOCore
0x00000001a9091000 	/System/Library/PrivateFrameworks/IASUtilities.framework/Versions/A/IASUtilities
0x00000002448d9000 	/System/Library/PrivateFrameworks/IASUtilitiesCore.framework/Versions/A/IASUtilitiesCore
0x00000002498af000 	/System/Library/PrivateFrameworks/LocalAuthenticationCoreUI.framework/Versions/A/LocalAuthenticationCoreUI
0x00000001b0238000 	/System/Library/Frameworks/LocalAuthentication.framework/Support/DaemonUtils.framework/Versions/A/DaemonUtils
0x00000001b349f000 	/System/Library/PrivateFrameworks/BridgeXPC.framework/Versions/A/BridgeXPC
0x0000000197047000 	/System/Library/PrivateFrameworks/CoreBrightness.framework/Versions/A/CoreBrightness
0x00000001b0e73000 	/System/Library/PrivateFrameworks/CoreKDL.framework/Versions/A/CoreKDL
0x00000001af6a3000 	/System/Library/PrivateFrameworks/EmbeddedOSSupportHost.framework/Versions/A/EmbeddedOSSupportHost
0x000000025fdbf000 	/System/Library/PrivateFrameworks/SystemStatus.framework/Versions/A/SystemStatus
0x00000001be90b000 	/System/Library/PrivateFrameworks/StorageKit.framework/Versions/A/StorageKit
0x00000001e6416000 	/System/Library/Frameworks/DeviceCheck.framework/Versions/A/DeviceCheck
0x00000001e9738000 	/System/Library/Frameworks/FSKit.framework/Versions/A/FSKit
0x0000000239a95000 	/System/Library/PrivateFrameworks/DiskImages2.framework/Versions/A/DiskImages2
0x0000000249740000 	/System/Library/PrivateFrameworks/LiveFS.framework/Versions/A/LiveFS
0x000000026c491000 	/System/Library/PrivateFrameworks/icloudMCCKit.framework/Versions/A/icloudMCCKit
0x00000002309f1000 	/System/Library/PrivateFrameworks/AppleAccountUI.framework/Versions/A/AppleAccountUI
0x0000000234cf5000 	/System/Library/PrivateFrameworks/CloudSubscriptionFeatures.framework/Versions/A/CloudSubscriptionFeatures
0x00000001d034f000 	/System/Library/PrivateFrameworks/PreferencePanesSupport.framework/Versions/A/PreferencePanesSupport
0x00000001b7353000 	/System/Library/PrivateFrameworks/FindMyDeviceUI.framework/Versions/A/FindMyDeviceUI
0x000000026a0ca000 	/System/Library/PrivateFrameworks/iCloudQuotaUI.framework/Versions/A/iCloudQuotaUI
0x00000001d0502000 	/System/Library/PrivateFrameworks/CoreCDPUI.framework/Versions/A/CoreCDPUI
0x00000001b193d000 	/System/Library/PrivateFrameworks/CoreFollowUpUI.framework/Versions/A/CoreFollowUpUI
0x0000000199281000 	/System/Library/PrivateFrameworks/CoreFollowUp.framework/Versions/A/CoreFollowUp
0x00000001bd68a000 	/System/Library/PrivateFrameworks/IMCore.framework/Versions/A/IMCore
0x00000001a7870000 	/System/Library/PrivateFrameworks/CoreCDP.framework/Versions/A/CoreCDP
0x00000001a3934000 	/System/Library/PrivateFrameworks/AskPermission.framework/Versions/A/AskPermission
0x00000001b51f1000 	/System/Library/Frameworks/Quartz.framework/Versions/A/Quartz
0x00000001c1245000 	/System/Library/PrivateFrameworks/CloudPhotoServicesConfiguration.framework/Versions/A/CloudPhotoServicesConfiguration
0x00000001b3c0a000 	/System/Library/PrivateFrameworks/CommerceKit.framework/Versions/A/CommerceKit
0x00000001c2b7b000 	/System/Library/PrivateFrameworks/FindMyMac.framework/Versions/A/FindMyMac
0x00000001c2a52000 	/System/Library/Frameworks/PreferencePanes.framework/Versions/A/PreferencePanes
0x00000001b68ae000 	/System/Library/Frameworks/AddressBook.framework/Versions/A/AddressBook
0x00000001a291c000 	/System/Library/PrivateFrameworks/AOSAccounts.framework/Versions/A/AOSAccounts
0x000000019d083000 	/System/Library/PrivateFrameworks/AppleSRP.framework/Versions/A/AppleSRP
0x00000001b0152000 	/System/Library/Frameworks/SafariServices.framework/Versions/A/SafariServices
0x00000001a1418000 	/System/Library/PrivateFrameworks/NetFSServer.framework/Versions/A/NetFSServer
0x00000001b2a43000 	/System/Library/Frameworks/PDFKit.framework/Versions/A/PDFKit
0x00000001c3a71000 	/System/Library/PrivateFrameworks/EmailFoundation.framework/Versions/A/EmailFoundation
0x00000001c2aaf000 	/System/Library/PrivateFrameworks/EmailCore.framework/Versions/A/EmailCore
0x00000001c689c000 	/System/Library/PrivateFrameworks/EmailAddressing.framework/Versions/A/EmailAddressing
0x00000001c68a8000 	/System/Library/PrivateFrameworks/Email.framework/Versions/A/Email
0x00000001eec23000 	/System/Library/Frameworks/TabularData.framework/Versions/A/TabularData
0x000000026fd9d000 	/usr/lib/swift/libswiftPassKit.dylib
0x0000000232509000 	/System/Library/PrivateFrameworks/BackgroundSystemTasks.framework/Versions/A/BackgroundSystemTasks
0x000000024993e000 	/System/Library/PrivateFrameworks/LockdownMode.framework/Versions/A/LockdownMode
0x000000019db5f000 	/System/Library/PrivateFrameworks/CommunicationsFilter.framework/Versions/A/CommunicationsFilter
0x00000001d400d000 	/System/Library/Frameworks/PassKit.framework/Versions/A/PassKit
0x00000001a4ec8000 	/System/Library/PrivateFrameworks/PassKitCore.framework/Versions/A/PassKitCore
0x0000000251162000 	/System/Library/PrivateFrameworks/PassKitMacHelperTemp.framework/Versions/A/PassKitMacHelperTemp
0x000000022fd35000 	/System/Library/PrivateFrameworks/AppIntentsServices.framework/Versions/A/AppIntentsServices
0x00000001a2516000 	/System/Library/PrivateFrameworks/CoreRecents.framework/Versions/A/CoreRecents
0x00000001b0285000 	/System/Library/PrivateFrameworks/BiometricKit.framework/Versions/A/BiometricKit
0x000000025638a000 	/System/Library/PrivateFrameworks/SEService.framework/Versions/A/SEService
0x00000001a3130000 	/System/Library/Frameworks/EventKit.framework/Versions/A/EventKit
0x00000001b5296000 	/System/Library/PrivateFrameworks/NearField.framework/Versions/A/NearField
0x00000001b6fcb000 	/System/Library/PrivateFrameworks/FTClientServices.framework/Versions/A/FTClientServices
0x00000001cfd6d000 	/System/Library/PrivateFrameworks/DiagnosticRequest.framework/Versions/A/DiagnosticRequest
0x000000026ed9d000 	/usr/lib/libSESShared.dylib
0x000000025652b000 	/System/Library/PrivateFrameworks/STSXPCHelperClient.framework/Versions/A/STSXPCHelperClient
0x000000025fb92000 	/System/Library/PrivateFrameworks/Symptoms.framework/Versions/A/Frameworks/SymptomPresentationFeed.framework/Versions/A/SymptomPresentationFeed
0x00000002312a3000 	/System/Library/PrivateFrameworks/AppleMediaServicesKitInternal.framework/Versions/A/AppleMediaServicesKitInternal
0x000000025f90d000 	/System/Library/PrivateFrameworks/SymptomShared.framework/Versions/A/SymptomShared
0x0000000233d4f000 	/System/Library/PrivateFrameworks/CalendarDatabase.framework/Versions/A/CalendarDatabase
0x0000000233ca3000 	/System/Library/PrivateFrameworks/CalendarDaemon.framework/Versions/A/CalendarDaemon
0x00000001a256b000 	/System/Library/PrivateFrameworks/CalendarFoundation.framework/Versions/A/CalendarFoundation
0x00000001a2527000 	/System/Library/PrivateFrameworks/iCalendar.framework/Versions/A/iCalendar
0x000000023952d000 	/System/Library/PrivateFrameworks/DataAccessExpress.framework/Versions/A/DataAccessExpress
0x00000001a8f23000 	/System/Library/PrivateFrameworks/CoreDAV.framework/Versions/A/CoreDAV
0x00000001a3005000 	/System/Library/PrivateFrameworks/CalDAV.framework/Versions/A/CalDAV
0x00000001ad6ea000 	/System/Library/PrivateFrameworks/TelephonyUtilities.framework/Versions/A/TelephonyUtilities
0x00000001b1a08000 	/System/Library/Frameworks/CallKit.framework/Versions/A/CallKit
0x00000001d964a000 	/System/Library/PrivateFrameworks/IMTransferServices.framework/Versions/A/IMTransferServices
0x00000001affbd000 	/System/Library/PrivateFrameworks/IncomingCallFilter.framework/Versions/A/IncomingCallFilter
0x000000024ea7b000 	/System/Library/PrivateFrameworks/NeighborhoodActivityConduit.framework/Versions/A/NeighborhoodActivityConduit
0x000000026ebc5000 	/usr/lib/libBASupport.dylib
0x00000001bd435000 	/System/Library/PrivateFrameworks/SpotlightReceiver.framework/Versions/A/SpotlightReceiver
0x00000001b6c6c000 	/usr/lib/libnfshared.dylib
0x00000001d6833000 	/System/Library/PrivateFrameworks/PassKitUIFoundation.framework/Versions/A/PassKitUIFoundation
0x000000019c975000 	/System/Library/Frameworks/MapKit.framework/Versions/A/MapKit
0x00000001e96fc000 	/System/Library/Frameworks/ExtensionKit.framework/Versions/A/ExtensionKit
0x0000000241d05000 	/System/Library/PrivateFrameworks/GeoAnalytics.framework/Versions/A/GeoAnalytics
0x00000001b0fc8000 	/System/Library/PrivateFrameworks/SearchFoundation.framework/Versions/A/SearchFoundation
0x00000001b6ca2000 	/System/Library/PrivateFrameworks/Navigation.framework/Versions/A/Navigation
0x00000001bfd65000 	/System/Library/PrivateFrameworks/VectorKit.framework/Versions/A/VectorKit
0x00000001a9159000 	/System/Library/PrivateFrameworks/VirtualGarage.framework/Versions/A/VirtualGarage
0x00000001b6e1b000 	/System/Library/Frameworks/ExternalAccessory.framework/ExternalAccessory
0x00000001b6e35000 	/System/Library/PrivateFrameworks/IAP.framework/Versions/A/IAP
0x000000019cc28000 	/System/Library/PrivateFrameworks/IOPlatformPluginFamily.framework/Versions/A/IOPlatformPluginFamily
0x00000002323ca000 	/System/Library/PrivateFrameworks/AvatarKit.framework/Versions/A/AvatarKit
0x0000000232482000 	/System/Library/PrivateFrameworks/AvatarPersistence.framework/Versions/A/AvatarPersistence
0x0000000255a44000 	/System/Library/PrivateFrameworks/RemoteUI.framework/Versions/A/RemoteUI
0x000000019cd2c000 	/usr/lib/libCTGreenTeaLogger.dylib
0x000000022c3cf000 	/System/Library/Frameworks/TipKit.framework/Versions/A/TipKit
0x00000001d1fc7000 	/System/Library/PrivateFrameworks/AppleCVA.framework/Versions/A/AppleCVA
0x0000000232481000 	/System/Library/PrivateFrameworks/AvatarKitContent.framework/Versions/A/AvatarKitContent
0x000000019cd54000 	/System/Library/PrivateFrameworks/CoreAppleCVA.framework/Versions/A/CoreAppleCVA
0x000000024877e000 	/System/Library/PrivateFrameworks/LiftUI.framework/Versions/A/LiftUI
0x0000000234c64000 	/System/Library/PrivateFrameworks/CloudSettings.framework/Versions/A/CloudSettings
0x00000001afbe8000 	/System/Library/PrivateFrameworks/CoreRoutine.framework/Versions/A/CoreRoutine
0x00000001be461000 	/System/Library/PrivateFrameworks/Categories.framework/Versions/A/Categories
0x00000002350f3000 	/System/Library/PrivateFrameworks/Coherence.framework/Versions/A/Coherence
0x00000001ad5e5000 	/System/Library/PrivateFrameworks/CoreParsec.framework/Versions/A/CoreParsec
0x00000002517f0000 	/System/Library/PrivateFrameworks/PegasusAPI.framework/Versions/A/PegasusAPI
0x00000002524bd000 	/System/Library/PrivateFrameworks/PegasusConfiguration.framework/Versions/A/PegasusConfiguration
0x0000000249915000 	/System/Library/PrivateFrameworks/LocalStatusKit.framework/Versions/A/LocalStatusKit
0x00000001b1bbc000 	/System/Library/PrivateFrameworks/ContextKit.framework/Versions/A/ContextKit
0x0000000235aae000 	/System/Library/PrivateFrameworks/ContextKitCore.framework/Versions/A/ContextKitCore
0x00000001b6fcf000 	/System/Library/PrivateFrameworks/CharacterPicker.framework/Versions/A/CharacterPicker
0x00000001b00c4000 	/System/Library/PrivateFrameworks/ContactsDonation.framework/Versions/A/ContactsDonation
0x00000001a927b000 	/System/Library/PrivateFrameworks/ContactsUICore.framework/Versions/A/ContactsUICore
0x00000001af9cb000 	/System/Library/PrivateFrameworks/DataDetectors.framework/Versions/A/DataDetectors
0x00000001a2ff1000 	/System/Library/Frameworks/MediaLibrary.framework/Versions/A/MediaLibrary
0x000000019db4e000 	/System/Library/PrivateFrameworks/PersonaKit.framework/Versions/A/PersonaKit
0x00000001a9269000 	/System/Library/PrivateFrameworks/PersonaUI.framework/Versions/A/PersonaUI
0x0000000245199000 	/System/Library/PrivateFrameworks/InputToolKitUI.framework/Versions/A/InputToolKitUI
0x0000000245184000 	/System/Library/PrivateFrameworks/InputToolKit.framework/Versions/A/InputToolKit
0x000000025f1ec000 	/System/Library/PrivateFrameworks/Stickers.framework/Versions/A/Stickers
0x00000002450f2000 	/System/Library/PrivateFrameworks/InputAnalytics.framework/Versions/A/InputAnalytics
0x00000001b8b45000 	/System/Library/PrivateFrameworks/EmojiFoundation.framework/Versions/A/EmojiFoundation
0x000000023b08e000 	/System/Library/PrivateFrameworks/FeedbackService.framework/Versions/A/FeedbackService
0x000000019d7ca000 	/System/Library/PrivateFrameworks/AddressBookCore.framework/Versions/A/AddressBookCore
0x00000001b18bd000 	/System/Library/PrivateFrameworks/IntlPreferences.framework/Versions/A/IntlPreferences
0x00000001b6a31000 	/System/Library/PrivateFrameworks/ToneKit.framework/Versions/A/ToneKit
0x00000001b1903000 	/System/Library/PrivateFrameworks/ToneLibrary.framework/Versions/A/ToneLibrary
0x0000000235947000 	/System/Library/PrivateFrameworks/ContactsAccounts.framework/Versions/A/ContactsAccounts
0x00000001c2471000 	/System/Library/PrivateFrameworks/Transparency.framework/Versions/A/Transparency
0x00000001b510e000 	/System/Library/PrivateFrameworks/Lookup.framework/Versions/A/Lookup
0x00000001ed023000 	/System/Library/Frameworks/QuickLookUI.framework/Versions/A/QuickLookUI
0x00000001eda01000 	/System/Library/Frameworks/ScreenCaptureKit.framework/Versions/A/ScreenCaptureKit
0x00000001b2557000 	/System/Library/Frameworks/Quartz.framework/Versions/A/Frameworks/QuartzComposer.framework/Versions/A/QuartzComposer
0x00000001b1894000 	/System/Library/Frameworks/Quartz.framework/Versions/A/Frameworks/QuartzFilters.framework/Versions/A/QuartzFilters
0x00000001b097b000 	/System/Library/Frameworks/Quartz.framework/Versions/A/Frameworks/ImageKit.framework/Versions/A/ImageKit
0x00000001e7d85000 	/System/Library/Frameworks/OpenCL.framework/Versions/A/OpenCL
0x00000001af0cc000 	/System/Library/PrivateFrameworks/CorePDF.framework/Versions/A/CorePDF
0x000000019ab19000 	/System/Library/Frameworks/QuickLook.framework/Versions/A/QuickLook
0x00000001a4dcd000 	/System/Library/PrivateFrameworks/DisplayServices.framework/Versions/A/DisplayServices
0x00000001b1804000 	/System/Library/Frameworks/ImageCaptureCore.framework/Versions/A/ImageCaptureCore
0x0000000266674000 	/System/Library/PrivateFrameworks/VisionKitCore.framework/Versions/A/VisionKitCore
0x00000001ad5b5000 	/System/Library/PrivateFrameworks/QuickLookSupport.framework/Versions/A/QuickLookSupport
0x000000024bf9c000 	/System/Library/PrivateFrameworks/MediaAnalysisServices.framework/Versions/A/MediaAnalysisServices
0x00000001b4100000 	/System/Library/PrivateFrameworks/PhotoLibraryServices.framework/Versions/A/PhotoLibraryServices
0x00000001b144d000 	/System/Library/Frameworks/Photos.framework/Versions/A/Photos
0x00000001c4c9c000 	/System/Library/PrivateFrameworks/PhotosFormats.framework/Versions/A/PhotosFormats
0x00000001c1277000 	/System/Library/PrivateFrameworks/CloudPhotoLibrary.framework/Versions/A/CloudPhotoLibrary
0x00000001ca269000 	/System/Library/PrivateFrameworks/CloudPhotoServices.framework/Versions/A/CloudPhotoServices
0x00000001c6a10000 	/System/Library/PrivateFrameworks/CoreMediaStream.framework/Versions/A/CoreMediaStream
0x000000019e17a000 	/System/Library/PrivateFrameworks/CPAnalytics.framework/Versions/A/CPAnalytics
0x00000001c3114000 	/System/Library/PrivateFrameworks/MediaConversionService.framework/Versions/A/MediaConversionService
0x00000001a4a3b000 	/System/Library/PrivateFrameworks/PhotoFoundation.framework/Versions/A/PhotoFoundation
0x0000000252a54000 	/System/Library/PrivateFrameworks/PhotoLibraryServicesCore.framework/Versions/A/PhotoLibraryServicesCore
0x00000001bcde7000 	/System/Library/PrivateFrameworks/MMCS.framework/Versions/A/MMCS
0x00000001a2e5a000 	/System/Library/PrivateFrameworks/ChunkingLibrary.framework/Versions/A/ChunkingLibrary
0x000000019d02e000 	/System/Library/PrivateFrameworks/AssetCacheServices.framework/Versions/A/AssetCacheServices
0x000000019ed56000 	/System/Library/PrivateFrameworks/AVFoundationCF.framework/Versions/A/AVFoundationCF
0x00000001d9547000 	/usr/lib/swift/libswiftDemangle.dylib
0x00000001afc48000 	/System/Library/PrivateFrameworks/MediaStream.framework/Versions/A/MediaStream
0x00000001c362e000 	/System/Library/PrivateFrameworks/NeutrinoCore.framework/Versions/A/NeutrinoCore
0x000000018e2b6000 	/System/Library/PrivateFrameworks/NLP.framework/Versions/A/NLP
0x00000001c901a000 	/System/Library/PrivateFrameworks/PhotoImaging.framework/Versions/A/PhotoImaging
0x00000001ca22a000 	/System/Library/PrivateFrameworks/PhotosImagingFoundation.framework/Versions/A/PhotosImagingFoundation
0x000000025352d000 	/System/Library/PrivateFrameworks/PhotosIntelligenceCore.framework/Versions/A/PhotosIntelligenceCore
0x000000019f1ec000 	/System/Library/PrivateFrameworks/EmbeddedAcousticRecognition.framework/Versions/A/EmbeddedAcousticRecognition
0x00000001c14dd000 	/System/Library/PrivateFrameworks/SDAPI.framework/Versions/A/SDAPI
0x00000001ca277000 	/System/Library/PrivateFrameworks/AutoLoop.framework/Versions/A/AutoLoop
0x0000000253f95000 	/System/Library/PrivateFrameworks/Portrait.framework/Versions/A/Portrait
0x0000000230a9a000 	/System/Library/PrivateFrameworks/AppleDepth.framework/Versions/A/AppleDepth
0x000000023bc17000 	/System/Library/PrivateFrameworks/FusionTracker.framework/Versions/A/FusionTracker
0x0000000230b88000 	/System/Library/PrivateFrameworks/AppleDepthCore.framework/Versions/A/AppleDepthCore
0x00000001b2017000 	/System/Library/PrivateFrameworks/iTunesCloud.framework/Versions/A/iTunesCloud
0x00000001ba8ad000 	/System/Library/PrivateFrameworks/DAAPKit.framework/Versions/A/DAAPKit
0x000000026fe21000 	/usr/lib/swift/libswiftVideoToolbox.dylib
0x00000001ad8c6000 	/System/Library/PrivateFrameworks/DeviceManagement.framework/Versions/A/DeviceManagement
0x00000001cfccc000 	/System/Library/PrivateFrameworks/ScreenTimeUI.framework/Versions/A/ScreenTimeUI
0x00000001af9c5000 	/System/Library/PrivateFrameworks/QuickLookNonBaseSystem.framework/Versions/A/QuickLookNonBaseSystem
0x00000001b0193000 	/System/Library/PrivateFrameworks/Catalyst.framework/Versions/A/Catalyst
0x000000024b739000 	/System/Library/PrivateFrameworks/ManagedSettingsObjC.framework/Versions/A/ManagedSettingsObjC
0x00000001b1aaa000 	/System/Library/PrivateFrameworks/ScreenTimeCore.framework/Versions/A/ScreenTimeCore
0x00000001c41ff000 	/System/Library/PrivateFrameworks/ScreenTimeServiceUI.framework/Versions/A/ScreenTimeServiceUI
0x00000001bcf72000 	/System/Library/PrivateFrameworks/ConfigurationEngineModel.framework/Versions/A/ConfigurationEngineModel
0x00000001bfd21000 	/System/Library/PrivateFrameworks/UsageTracking.framework/Versions/A/UsageTracking
0x00000001e94fe000 	/System/Library/Frameworks/DeviceActivity.framework/Versions/A/DeviceActivity
0x00000001bfcf1000 	/System/Library/PrivateFrameworks/KnowledgeMonitor.framework/Versions/A/KnowledgeMonitor
0x00000001d67d8000 	/System/Library/PrivateFrameworks/BluetoothManager.framework/Versions/A/BluetoothManager
0x00000001ea656000 	/System/Library/Frameworks/ManagedSettings.framework/Versions/A/ManagedSettings
0x000000024b772000 	/System/Library/PrivateFrameworks/ManagedSettingsSupport.framework/Versions/A/ManagedSettingsSupport
0x00000001d40dd000 	/System/Library/Frameworks/ReplayKit.framework/Versions/A/ReplayKit
0x00000001a5d66000 	/System/Library/PrivateFrameworks/MarkupUI.framework/Versions/A/MarkupUI
0x00000001af99d000 	/System/Library/PrivateFrameworks/SidecarCore.framework/Versions/A/SidecarCore
0x00000001b2418000 	/System/Library/PrivateFrameworks/AnnotationKit.framework/Versions/A/AnnotationKit
0x000000022c52f000 	/System/Library/Frameworks/Translation.framework/Versions/A/Translation
0x00000001cbc16000 	/System/Library/PrivateFrameworks/RevealCore.framework/Versions/A/RevealCore
0x00000001cbc0a000 	/System/Library/PrivateFrameworks/Reveal.framework/Versions/A/Reveal
0x000000026347f000 	/System/Library/PrivateFrameworks/TranslationUIServices.framework/Versions/A/TranslationUIServices
0x00000001b0bc1000 	/System/Library/Frameworks/PencilKit.framework/Versions/A/PencilKit
0x00000001b0d76000 	/System/Library/PrivateFrameworks/SidecarUI.framework/Versions/A/SidecarUI
0x00000001b056e000 	/System/Library/PrivateFrameworks/CoreHandwriting.framework/Versions/A/CoreHandwriting
0x0000000188476000 	/usr/lib/libmecabra.dylib
0x00000001a96f1000 	/System/Library/PrivateFrameworks/Calculate.framework/Versions/A/Calculate
0x00000001969bb000 	/usr/lib/libChineseTokenizer.dylib
0x00000001e4cc5000 	/System/Library/PrivateFrameworks/ScreenReaderCore.framework/Versions/A/ScreenReaderCore
0x000000025f5c3000 	/System/Library/PrivateFrameworks/StocksKit.framework/Versions/A/StocksKit
0x00000001a886b000 	/System/Library/PrivateFrameworks/OAuth.framework/Versions/A/OAuth
0x000000025f270000 	/System/Library/PrivateFrameworks/StocksCore.framework/Versions/A/StocksCore
0x00000002602cd000 	/System/Library/PrivateFrameworks/TeaFoundation.framework/Versions/A/TeaFoundation
0x00000002604b6000 	/System/Library/PrivateFrameworks/TeaSettings.framework/Versions/A/TeaSettings
0x00000001da912000 	/System/Library/PrivateFrameworks/NewsCore.framework/Versions/A/NewsCore
0x000000026026a000 	/System/Library/PrivateFrameworks/TeaDB.framework/Versions/A/TeaDB
0x00000001d75bd000 	/System/Library/PrivateFrameworks/RemoteConfiguration.framework/Versions/A/RemoteConfiguration
0x00000001da54c000 	/System/Library/PrivateFrameworks/NewsTransport.framework/Versions/A/NewsTransport
0x00000001da902000 	/System/Library/PrivateFrameworks/NewsFoundation.framework/Versions/A/NewsFoundation
0x000000024efc1000 	/System/Library/PrivateFrameworks/NewsURLBucket.framework/Versions/A/NewsURLBucket
0x00000001b3e34000 	/System/Library/PrivateFrameworks/MobileInstallation.framework/Versions/A/MobileInstallation
0x00000002624c8000 	/System/Library/PrivateFrameworks/TipKitCore.framework/Versions/A/TipKitCore
0x00000001b8bc8000 	/System/Library/PrivateFrameworks/CoreCDPInternal.framework/Versions/A/CoreCDPInternal
0x00000001a87bd000 	/System/Library/PrivateFrameworks/AccountsDaemon.framework/Versions/A/AccountsDaemon
0x0000000255689000 	/System/Library/PrivateFrameworks/RegulatoryDomain.framework/Versions/A/RegulatoryDomain
0x00000001d04ff000 	/System/Library/PrivateFrameworks/MachineSettings.framework/Versions/A/MachineSettings
0x00000001c29d5000 	/System/Library/PrivateFrameworks/BezelServices.framework/Versions/A/BezelServices
0x00000001ba936000 	/System/Library/PrivateFrameworks/SPOwner.framework/Versions/A/SPOwner
0x00000001b3c6f000 	/System/Library/PrivateFrameworks/FMCore.framework/Versions/A/FMCore
0x000000026a027000 	/System/Library/PrivateFrameworks/iCloudQuota.framework/Versions/A/iCloudQuota
0x00000001a91ee000 	/System/Library/PrivateFrameworks/CoreRecognition.framework/Versions/A/CoreRecognition
0x00000001c2a8a000 	/System/Library/PrivateFrameworks/InAppMessages.framework/Versions/A/InAppMessages
0x00000001e3a13000 	/System/Library/PrivateFrameworks/JetUI.framework/Versions/A/JetUI
0x00000002484da000 	/System/Library/PrivateFrameworks/JetPack.framework/Versions/A/JetPack
0x00000001c2a81000 	/System/Library/PrivateFrameworks/InAppMessagesCore.framework/Versions/A/InAppMessagesCore
0x0000000269721000 	/System/Library/PrivateFrameworks/_JetEngine_SwiftUI.framework/Versions/A/_JetEngine_SwiftUI
0x000000025fbba000 	/System/Library/PrivateFrameworks/Synapse.framework/Versions/A/Synapse
0x0000000233b3f000 	/System/Library/PrivateFrameworks/CSExattrCrypto.framework/Versions/A/CSExattrCrypto
0x00000001a4a4c000 	/System/Library/PrivateFrameworks/IMSharedUtilities.framework/Versions/A/IMSharedUtilities
0x00000001bdd1b000 	/System/Library/Frameworks/InstantMessage.framework/Versions/A/InstantMessage
0x00000001b67af000 	/System/Library/PrivateFrameworks/IDSKVStore.framework/Versions/A/IDSKVStore
0x00000001b65ef000 	/System/Library/PrivateFrameworks/IMDPersistence.framework/Versions/A/IMDPersistence
0x000000026fd3d000 	/usr/lib/swift/libswiftAppleArchive.dylib
0x0000000264bb2000 	/System/Library/PrivateFrameworks/UserSafety.framework/Versions/A/UserSafety
0x00000001d5a30000 	/System/Library/PrivateFrameworks/BlastDoor.framework/Versions/A/BlastDoor
0x00000001eda85000 	/System/Library/Frameworks/SensitiveContentAnalysis.framework/Versions/A/SensitiveContentAnalysis
0x00000002495c0000 	/System/Library/PrivateFrameworks/LinkPresentationStyleSheetParsing.framework/Versions/A/LinkPresentationStyleSheetParsing
0x00000001b001c000 	/System/Library/PrivateFrameworks/CoreSDB.framework/Versions/A/CoreSDB
0x0000000231e20000 	/System/Library/PrivateFrameworks/AskToCore.framework/Versions/A/AskToCore
0x00000001b4dfb000 	/System/Library/PrivateFrameworks/StoreFoundation.framework/Versions/A/StoreFoundation
0x00000001b3c69000 	/System/Library/PrivateFrameworks/ServerInformation.framework/Versions/A/ServerInformation
0x00000001b36dd000 	/System/Library/PrivateFrameworks/Install.framework/Frameworks/DistributionKit.framework/Versions/A/DistributionKit
0x00000001ad383000 	/System/Library/PrivateFrameworks/PackageKit.framework/Versions/A/PackageKit
0x00000001b36ff000 	/System/Library/PrivateFrameworks/OSPersonalization.framework/Versions/A/OSPersonalization
0x00000001b5367000 	/System/Library/PrivateFrameworks/BridgeOSSoftwareUpdate.framework/Versions/A/BridgeOSSoftwareUpdate
0x00000001b0496000 	/System/Library/PrivateFrameworks/StorageManagement.framework/Versions/A/StorageManagement
0x00000001c3d89000 	/usr/lib/libauthinstall.dylib
0x00000001b5370000 	/System/Library/PrivateFrameworks/InstallerDiagnostics.framework/Versions/A/InstallerDiagnostics
0x00000001c43bb000 	/usr/lib/libcrypto.42.dylib
0x00000001b5355000 	/System/Library/PrivateFrameworks/GPUInfo.framework/Versions/A/GPUInfo
0x00000001c2b81000 	/System/Library/PrivateFrameworks/MobileActivationMacOS.framework/Versions/A/MobileActivationMacOS
0x000000019e121000 	/System/Library/PrivateFrameworks/GenerationalStorage.framework/Versions/A/GenerationalStorage
0x0000000199685000 	/System/Library/PrivateFrameworks/CacheDelete.framework/Versions/A/CacheDelete
0x00000001a154a000 	/System/Library/Frameworks/QuickLookThumbnailing.framework/Versions/A/QuickLookThumbnailing
0x000000019df53000 	/System/Library/Frameworks/FileProvider.framework/Versions/A/FileProvider
0x000000018c71b000 	/System/Library/PrivateFrameworks/DesktopServicesPriv.framework/Versions/A/DesktopServicesPriv
0x000000018e9db000 	/System/Library/Frameworks/Accounts.framework/Versions/A/Accounts
0x00000001b53b4000 	/System/Library/PrivateFrameworks/AOSKit.framework/Versions/A/AOSKit
0x0000000196aeb000 	/System/Library/PrivateFrameworks/AppSSOCore.framework/Versions/A/AppSSOCore
0x00000001a0c0b000 	/System/Library/PrivateFrameworks/AppSupport.framework/Versions/A/AppSupport
0x00000001af4a5000 	/System/Library/Frameworks/AVFoundation.framework/Versions/A/AVFoundation
0x00000001a146d000 	/System/Library/PrivateFrameworks/DuetActivityScheduler.framework/Versions/A/DuetActivityScheduler
0x00000001affc3000 	/System/Library/PrivateFrameworks/FTServices.framework/Versions/A/FTServices
0x00000001c11b0000 	/System/Library/PrivateFrameworks/NetworkServiceProxy.framework/Versions/A/NetworkServiceProxy
0x000000019f0f9000 	/System/Library/PrivateFrameworks/Rapport.framework/Versions/A/Rapport
0x000000025f91d000 	/System/Library/PrivateFrameworks/Symptoms.framework/Versions/A/Frameworks/SymptomAnalytics.framework/Versions/A/SymptomAnalytics
0x000000019cc9a000 	/usr/lib/libnetworkextension.dylib
0x00000001d65ee000 	/System/Library/Frameworks/CryptoKit.framework/Versions/A/CryptoKit
0x00000001a140b000 	/System/Library/PrivateFrameworks/CryptoKitCBridging.framework/Versions/A/CryptoKitCBridging
0x000000019ec6f000 	/System/Library/Frameworks/CryptoTokenKit.framework/Versions/A/CryptoTokenKit
0x00000001ca881000 	/usr/lib/swift/libswiftCryptoTokenKit.dylib
0x000000019ecd3000 	/System/Library/Frameworks/LocalAuthentication.framework/Versions/A/LocalAuthentication
0x0000000249795000 	/System/Library/PrivateFrameworks/LocalAuthenticationCore.framework/Versions/A/LocalAuthenticationCore
0x000000019ed29000 	/System/Library/Frameworks/LocalAuthentication.framework/Support/SharedUtils.framework/Versions/A/SharedUtils
0x000000019dcfc000 	/System/Library/PrivateFrameworks/SymptomDiagnosticReporter.framework/Versions/A/SymptomDiagnosticReporter
0x00000002391e4000 	/System/Library/PrivateFrameworks/CryptoKitPrivate.framework/Versions/A/CryptoKitPrivate
0x0000000190ae0000 	/System/Library/PrivateFrameworks/ApplePushService.framework/Versions/A/ApplePushService
0x00000001af6d0000 	/System/Library/PrivateFrameworks/FindMyDevice.framework/Versions/A/FindMyDevice
0x000000018ea60000 	/System/Library/PrivateFrameworks/CommonUtilities.framework/Versions/A/CommonUtilities
0x00000001c57d2000 	/System/Library/PrivateFrameworks/DeviceIdentity.framework/Versions/A/DeviceIdentity
0x0000000197215000 	/System/Library/PrivateFrameworks/Bom.framework/Versions/A/Bom
0x00000001991e0000 	/usr/lib/libParallelCompression.dylib
0x00000001991d2000 	/System/Library/PrivateFrameworks/MultiverseSupport.framework/Versions/A/MultiverseSupport
0x00000001a4ea8000 	/System/Library/PrivateFrameworks/FMCoreLite.framework/Versions/A/FMCoreLite
0x0000000194e42000 	/System/Library/PrivateFrameworks/AuthKit.framework/Versions/A/AuthKit
0x000000019de2f000 	/System/Library/PrivateFrameworks/DiskManagement.framework/Versions/A/DiskManagement
0x000000019dd3b000 	/System/Library/PrivateFrameworks/AppleIDAuthSupport.framework/Versions/A/AppleIDAuthSupport
0x000000022d86e000 	/System/Library/PrivateFrameworks/AAAFoundation.framework/Versions/A/AAAFoundation
0x00000001996d1000 	/System/Library/PrivateFrameworks/KeychainCircle.framework/Versions/A/KeychainCircle
0x00000001a9bcb000 	/System/Library/PrivateFrameworks/URLFormatting.framework/Versions/A/URLFormatting
0x00000001a0b77000 	/usr/lib/libcsfde.dylib
0x0000000196c75000 	/usr/lib/libCoreStorage.dylib
0x000000019aa8e000 	/System/Library/PrivateFrameworks/ProtectedCloudStorage.framework/Versions/A/ProtectedCloudStorage
0x00000001a0b72000 	/System/Library/PrivateFrameworks/EFILogin.framework/Versions/A/EFILogin
0x00000001a8e74000 	/System/Library/PrivateFrameworks/CloudServices.framework/Versions/A/CloudServices
0x000000019e148000 	/System/Library/PrivateFrameworks/OctagonTrust.framework/Versions/A/OctagonTrust
0x000000019e862000 	/System/Library/PrivateFrameworks/AVFCore.framework/Versions/A/AVFCore
0x00000001a78fe000 	/System/Library/PrivateFrameworks/AVFCapture.framework/Versions/A/AVFCapture
0x000000023385b000 	/System/Library/PrivateFrameworks/CMImaging.framework/Versions/A/CMImaging
0x00000001a7b16000 	/System/Library/PrivateFrameworks/Quagga.framework/Versions/A/Quagga
0x00000001a7c49000 	/System/Library/PrivateFrameworks/CMCapture.framework/Versions/A/CMCapture
0x00000001992b4000 	/System/Library/Frameworks/CoreMediaIO.framework/Versions/A/CoreMediaIO
0x00000001a1596000 	/System/Library/PrivateFrameworks/Espresso.framework/Versions/A/Espresso
0x00000001e5081000 	/System/Library/PrivateFrameworks/ANECompiler.framework/Versions/A/ANECompiler
0x00000001a359e000 	/System/Library/PrivateFrameworks/AppleNeuralEngine.framework/Versions/A/AppleNeuralEngine
0x00000001eb315000 	/System/Library/Frameworks/MetalPerformanceShadersGraph.framework/Versions/A/MetalPerformanceShadersGraph
0x000000024a288000 	/System/Library/PrivateFrameworks/MLCompilerServices.framework/Versions/A/MLCompilerServices
0x00000001a2458000 	/System/Library/PrivateFrameworks/ANEServices.framework/Versions/A/ANEServices
0x00000001b5129000 	/usr/lib/libncurses.5.4.dylib
0x000000018b066000 	/usr/lib/libsandbox.1.dylib
0x0000000196c6d000 	/usr/lib/libMatch.1.dylib
0x000000024a22c000 	/System/Library/PrivateFrameworks/MLCompilerRuntime.framework/Versions/A/MLCompilerRuntime
0x0000000233791000 	/System/Library/PrivateFrameworks/CMCaptureDevice.framework/Versions/A/CMCaptureDevice
0x0000000234580000 	/System/Library/PrivateFrameworks/CinematicFraming.framework/Versions/A/CinematicFraming
0x00000001af0ce000 	/System/Library/Frameworks/CoreMotion.framework/Versions/A/CoreMotion
0x00000001bddd4000 	/System/Library/PrivateFrameworks/TimeSync.framework/Versions/A/TimeSync
0x0000000239c7a000 	/System/Library/PrivateFrameworks/DistributedSensing.framework/Versions/A/DistributedSensing
0x00000001b9cad000 	/System/Library/PrivateFrameworks/MobileBluetooth.framework/Versions/A/MobileBluetooth
0x0000000198e53000 	/System/Library/PrivateFrameworks/LocationSupport.framework/Versions/A/LocationSupport
0x00000001bf92a000 	/System/Library/PrivateFrameworks/IOKitten.framework/Versions/A/IOKitten
0x000000018c986000 	/System/Library/PrivateFrameworks/CoreDuet.framework/Versions/A/CoreDuet
0x000000019fe91000 	/System/Library/PrivateFrameworks/CoreDuetContext.framework/Versions/A/CoreDuetContext
0x00000001ba856000 	/System/Library/PrivateFrameworks/BiomeFoundation.framework/Versions/A/BiomeFoundation
0x00000002325cd000 	/System/Library/PrivateFrameworks/BiomeLibrary.framework/Versions/A/BiomeLibrary
0x00000001bde52000 	/System/Library/PrivateFrameworks/BiomeStreams.framework/Versions/A/BiomeStreams
0x00000001c4206000 	/System/Library/PrivateFrameworks/BiomePubSub.framework/Versions/A/BiomePubSub
0x0000000190b48000 	/System/Library/Frameworks/CloudKit.framework/Versions/A/CloudKit
0x000000019fee7000 	/System/Library/Frameworks/Intents.framework/Versions/A/Intents
0x00000001a2600000 	/System/Library/PrivateFrameworks/CoreDuetDaemonProtocol.framework/Versions/A/CoreDuetDaemonProtocol
0x00000001a2486000 	/System/Library/PrivateFrameworks/ProactiveSupport.framework/Versions/A/ProactiveSupport
0x0000000253efc000 	/System/Library/PrivateFrameworks/PoirotSchematizer.framework/Versions/A/PoirotSchematizer
0x0000000232c67000 	/System/Library/PrivateFrameworks/BiomeSync.framework/Versions/A/BiomeSync
0x00000002325ae000 	/System/Library/PrivateFrameworks/BiomeFlexibleStorage.framework/Versions/A/BiomeFlexibleStorage
0x0000000232592000 	/System/Library/PrivateFrameworks/BiomeDSL.framework/Versions/A/BiomeDSL
0x00000001c4263000 	/System/Library/PrivateFrameworks/BiomeStorage.framework/Versions/A/BiomeStorage
0x0000000253f69000 	/System/Library/PrivateFrameworks/PoirotUDFs.framework/Versions/A/PoirotUDFs
0x0000000253ecb000 	/System/Library/PrivateFrameworks/PoirotSQLite.framework/Versions/A/PoirotSQLite
0x00000001a0f13000 	/System/Library/PrivateFrameworks/InternationalTextSearch.framework/Versions/A/InternationalTextSearch
0x0000000247dba000 	/System/Library/PrivateFrameworks/IntelligencePlatformLibrary.framework/Versions/A/IntelligencePlatformLibrary
0x0000000234145000 	/System/Library/PrivateFrameworks/CascadeSets.framework/Versions/A/CascadeSets
0x000000019a16e000 	/System/Library/PrivateFrameworks/IDS.framework/Versions/A/IDS
0x0000000198dd9000 	/System/Library/PrivateFrameworks/IMFoundation.framework/Versions/A/IMFoundation
0x00000001a91a3000 	/System/Library/PrivateFrameworks/Marco.framework/Versions/A/Marco
0x000000019a33b000 	/System/Library/PrivateFrameworks/IDSFoundation.framework/Versions/A/IDSFoundation
0x00000001a5d92000 	/System/Library/PrivateFrameworks/Engram.framework/Versions/A/Engram
0x00000001a5d32000 	/usr/lib/libtidy.A.dylib
0x00000001bd93d000 	/System/Library/PrivateFrameworks/FTAWD.framework/Versions/A/FTAWD
0x00000001edb45000 	/System/Library/Frameworks/SharedWithYouCore.framework/Versions/A/SharedWithYouCore
0x00000001a0fde000 	/System/Library/PrivateFrameworks/AppleAccount.framework/Versions/A/AppleAccount
0x00000001a14f0000 	/System/Library/PrivateFrameworks/C2.framework/Versions/A/C2
0x0000000192338000 	/System/Library/Frameworks/CoreLocation.framework/Versions/A/CoreLocation
0x000000023492d000 	/System/Library/PrivateFrameworks/CloudAssets.framework/Versions/A/CloudAssets
0x00000001a14e7000 	/System/Library/Frameworks/PushKit.framework/Versions/A/PushKit
0x00000001cc329000 	/usr/lib/swift/libswiftAVFoundation.dylib
0x00000001b6596000 	/usr/lib/swift/libswiftCoreLocation.dylib
0x00000001b65ac000 	/usr/lib/swift/libswiftCoreMIDI.dylib
0x00000001ca883000 	/usr/lib/swift/libswiftCoreMedia.dylib
0x000000019a5cf000 	/System/Library/PrivateFrameworks/Sharing.framework/Versions/A/Sharing
0x00000001a0537000 	/System/Library/PrivateFrameworks/Apple80211.framework/Versions/A/Apple80211
0x0000000194408000 	/System/Library/Frameworks/CoreWLAN.framework/Versions/A/CoreWLAN
0x00000001a479e000 	/System/Library/PrivateFrameworks/AssistantServices.framework/Versions/A/AssistantServices
0x000000019eefc000 	/System/Library/PrivateFrameworks/SAObjects.framework/Versions/A/SAObjects
0x00000001a43d7000 	/System/Library/PrivateFrameworks/MediaRemote.framework/Versions/A/MediaRemote
0x00000001b580a000 	/System/Library/PrivateFrameworks/SiriInstrumentation.framework/Versions/A/SiriInstrumentation
0x0000000257765000 	/System/Library/PrivateFrameworks/SiriAnalytics.framework/Versions/A/SiriAnalytics
0x000000025d2f0000 	/System/Library/PrivateFrameworks/SiriTTSService.framework/Versions/A/SiriTTSService
0x000000025811d000 	/System/Library/PrivateFrameworks/SiriCrossDeviceArbitration.framework/Versions/A/SiriCrossDeviceArbitration
0x00000001b34aa000 	/System/Library/PrivateFrameworks/FeedbackLogger.framework/Versions/A/FeedbackLogger
0x0000000258171000 	/System/Library/PrivateFrameworks/SiriCrossDeviceArbitrationFeedback.framework/Versions/A/SiriCrossDeviceArbitrationFeedback
0x0000000241bce000 	/System/Library/PrivateFrameworks/GenerativeModels.framework/Versions/A/GenerativeModels
0x00000001a900f000 	/System/Library/PrivateFrameworks/MediaServices.framework/Versions/A/MediaServices
0x0000000196ed8000 	/System/Library/PrivateFrameworks/PersistentConnection.framework/Versions/A/PersistentConnection
0x000000019ad67000 	/System/Library/PrivateFrameworks/GeoServices.framework/Versions/A/GeoServices
0x0000000241df6000 	/System/Library/PrivateFrameworks/GeoServicesCore.framework/Versions/A/GeoServicesCore
0x00000001a9bc9000 	/System/Library/PrivateFrameworks/PhoneNumbers.framework/Versions/A/PhoneNumbers
0x00000002396ec000 	/System/Library/PrivateFrameworks/Dendrite.framework/Versions/A/Dendrite
0x0000000231f46000 	/System/Library/PrivateFrameworks/AtomicsInternal.framework/Versions/A/AtomicsInternal
0x00000001b73a6000 	/usr/lib/libtailspin.dylib
0x00000001ca37f000 	/System/Library/PrivateFrameworks/Osprey.framework/Versions/A/Osprey
0x000000025c970000 	/System/Library/PrivateFrameworks/SiriTTS.framework/Versions/A/SiriTTS
0x00000001b00e0000 	/System/Library/Frameworks/NaturalLanguage.framework/Versions/A/NaturalLanguage
0x000000025b6b3000 	/System/Library/PrivateFrameworks/SiriPowerInstrumentation.framework/Versions/A/SiriPowerInstrumentation
0x00000001b0f02000 	/System/Library/PrivateFrameworks/Trial.framework/Versions/A/Trial
0x00000001b0e84000 	/System/Library/PrivateFrameworks/TrialProto.framework/Versions/A/TrialProto
0x0000000264429000 	/System/Library/PrivateFrameworks/UnifiedAssetFramework.framework/Versions/A/UnifiedAssetFramework
0x00000001db234000 	/usr/lib/swift/libswiftNaturalLanguage.dylib
0x0000000260268000 	/System/Library/PrivateFrameworks/TailspinSymbolication.framework/Versions/A/TailspinSymbolication
0x00000002393fb000 	/System/Library/PrivateFrameworks/Darwinup.framework/Versions/A/Darwinup
0x00000001c3181000 	/System/Library/PrivateFrameworks/SignpostSupport.framework/Versions/A/SignpostSupport
0x00000001affa9000 	/System/Library/PrivateFrameworks/FeatureFlagsSupport.framework/Versions/A/FeatureFlagsSupport
0x00000001c28e5000 	/System/Library/PrivateFrameworks/ktrace.framework/Versions/A/ktrace
0x00000001c3401000 	/System/Library/PrivateFrameworks/SampleAnalysis.framework/Versions/A/SampleAnalysis
0x00000001cbbf2000 	/System/Library/PrivateFrameworks/kperfdata.framework/Versions/A/kperfdata
0x000000019ac48000 	/usr/lib/libdscsym.dylib
0x00000001cc087000 	/System/Library/PrivateFrameworks/BulkSymbolication.framework/Versions/A/BulkSymbolication
0x0000000190fe2000 	/System/Library/Frameworks/CoreML.framework/Versions/A/CoreML
0x00000001d9511000 	/usr/lib/libedit.3.dylib
0x0000000194a4a000 	/System/Library/Frameworks/MLCompute.framework/Versions/A/MLCompute
0x000000024a0db000 	/System/Library/PrivateFrameworks/MLAssetIO.framework/Versions/A/MLAssetIO
0x000000026fd7f000 	/usr/lib/swift/libswiftMLCompute.dylib
0x0000000189533000 	/System/Library/PrivateFrameworks/LanguageModeling.framework/Versions/A/LanguageModeling
0x000000018e0a2000 	/System/Library/PrivateFrameworks/Montreal.framework/Versions/A/Montreal
0x0000000195371000 	/usr/lib/libcmph.dylib
0x0000000241c91000 	/System/Library/PrivateFrameworks/GenerativeModelsFoundation.framework/Versions/A/GenerativeModelsFoundation
0x00000002627f3000 	/System/Library/PrivateFrameworks/TokenGeneration.framework/Versions/A/TokenGeneration
0x0000000241a65000 	/System/Library/PrivateFrameworks/GenerativeFunctions.framework/Versions/A/GenerativeFunctions
0x0000000241ab6000 	/System/Library/PrivateFrameworks/GenerativeFunctionsFoundation.framework/Versions/A/GenerativeFunctionsFoundation
0x000000024d02c000 	/System/Library/PrivateFrameworks/ModelCatalog.framework/Versions/A/ModelCatalog
0x0000000257065000 	/System/Library/PrivateFrameworks/SensitiveContentAnalysisML.framework/Versions/A/SensitiveContentAnalysisML
0x0000000241b65000 	/System/Library/PrivateFrameworks/GenerativeFunctionsInstrumentation.framework/Versions/A/GenerativeFunctionsInstrumentation
0x0000000254f8a000 	/System/Library/PrivateFrameworks/PromptKit.framework/Versions/A/PromptKit
0x0000000254ab6000 	/System/Library/PrivateFrameworks/ProactiveDaemonSupport.framework/Versions/A/ProactiveDaemonSupport
0x00000002629aa000 	/System/Library/PrivateFrameworks/TokenGenerationCore.framework/Versions/A/TokenGenerationCore
0x0000000265a9f000 	/System/Library/PrivateFrameworks/VectorSearch.framework/Versions/A/VectorSearch
0x000000024d2ea000 	/System/Library/PrivateFrameworks/ModelManagerServices.framework/Versions/A/ModelManagerServices
0x0000000230c6a000 	/System/Library/PrivateFrameworks/AppleFlatBuffers.framework/Versions/A/AppleFlatBuffers
0x00000001a95b8000 	/System/Library/PrivateFrameworks/ProactiveEventTracker.framework/Versions/A/ProactiveEventTracker
0x000000022d88a000 	/System/Library/PrivateFrameworks/AAAFoundationSwift.framework/Versions/A/AAAFoundationSwift
0x00000001a1233000 	/System/Library/PrivateFrameworks/AppleIDSSOAuthentication.framework/Versions/A/AppleIDSSOAuthentication
0x00000001bd0cb000 	/usr/lib/swift/libswiftCompression.dylib
0x00000002571f0000 	/System/Library/PrivateFrameworks/SentencePieceInternal.framework/Versions/A/SentencePieceInternal
0x000000019d0c8000 	/System/Library/Frameworks/Vision.framework/Versions/A/Vision
0x0000000238e50000 	/System/Library/PrivateFrameworks/CoreSceneUnderstanding.framework/Versions/A/CoreSceneUnderstanding
0x0000000266629000 	/System/Library/PrivateFrameworks/VisionCore.framework/Versions/A/VisionCore
0x00000001b8ca6000 	/System/Library/Frameworks/Vision.framework/libfaceCore.dylib
0x00000001b97a0000 	/System/Library/PrivateFrameworks/Futhark.framework/Versions/A/Futhark
0x00000001bce93000 	/System/Library/PrivateFrameworks/InertiaCam.framework/Versions/A/InertiaCam
0x00000001b9553000 	/System/Library/PrivateFrameworks/TextRecognition.framework/Versions/A/TextRecognition
0x0000000196b0b000 	/System/Library/PrivateFrameworks/CVNLP.framework/Versions/A/CVNLP
0x00000002407f2000 	/System/Library/PrivateFrameworks/GRDBInternal.framework/Versions/A/GRDBInternal
0x00000001a330c000 	/System/Library/PrivateFrameworks/RTCReporting.framework/Versions/A/RTCReporting
0x00000001a14d6000 	/System/Library/PrivateFrameworks/IntentsFoundation.framework/Versions/A/IntentsFoundation
0x0000000199ef7000 	/System/Library/Frameworks/NetworkExtension.framework/Versions/A/NetworkExtension
0x00000001b4caa000 	/System/Library/PrivateFrameworks/CaptiveNetwork.framework/Versions/A/CaptiveNetwork
0x00000001a0a83000 	/System/Library/PrivateFrameworks/EAP8021X.framework/Versions/A/EAP8021X
0x00000001c33cd000 	/System/Library/PrivateFrameworks/UIKitServices.framework/Versions/A/UIKitServices
0x0000000178a3c000 	/System/Library/Extensions/AGXMetalG15X_M1.bundle/Contents/MacOS/AGXMetalG15X_M1
0x00000001a8ec1000 	/System/Library/PrivateFrameworks/IOGPU.framework/Versions/A/IOGPU
0x000000015beac000 	/opt/homebrew/Cellar/openjdk@17/17.0.15/libexec/openjdk.jdk/Contents/Home/lib/libosxui.dylib
0x00000001e7bff000 	/System/Library/Frameworks/OpenGL.framework/Versions/A/Resources/GLEngine.bundle/GLEngine
0x00000001e7aa4000 	/System/Library/Frameworks/OpenGL.framework/Versions/A/Libraries/libGLProgrammability.dylib
0x0000000164b00000 	/System/Library/Extensions/AppleMetalOpenGLRenderer.bundle/Contents/MacOS/AppleMetalOpenGLRenderer
0x00000001e7d60000 	/System/Library/Frameworks/OpenGL.framework/Versions/A/Resources/GLRendererFloat.bundle/GLRendererFloat
0x000000017b6ec000 	/opt/homebrew/Cellar/openjdk@17/17.0.15/libexec/openjdk.jdk/Contents/Home/lib/libjawt.dylib
0x000000017fea0000 	/opt/homebrew/Cellar/openjdk@17/17.0.15/libexec/openjdk.jdk/Contents/Home/lib/libextnet.dylib
0x0000000179524000 	/Users/kshivang/Development/BOSS-Kotlin/composeApp/build/tmp/JxBrowser/8.7.0/Chromium.app/Contents/Frameworks/Chromium Framework.framework/Versions/136.0.7103.114/Libraries/libipc.dylib
0x00000001bd0bf000 	/usr/lib/libpmenergy.dylib
0x00000001d03c8000 	/usr/lib/libpmsample.dylib
0x00000001c24ed000 	/System/Library/PrivateFrameworks/NetworkStatistics.framework/Versions/A/NetworkStatistics
0x0000000b011b8000 	/Users/kshivang/Development/BOSS-Kotlin/composeApp/build/tmp/JxBrowser/8.7.0/Chromium.app/Contents/Frameworks/Chromium Framework.framework/Versions/136.0.7103.114/Libraries/libtoolkit.dylib
0x0000000b07bc0000 	/Users/kshivang/Development/BOSS-Kotlin/composeApp/build/tmp/JxBrowser/8.7.0/Chromium.app/Contents/Frameworks/Chromium Framework.framework/Versions/136.0.7103.114/Libraries/libawt_toolkit.dylib
0x0000000260821000 	/System/Library/PrivateFrameworks/TextInputUI.framework/Versions/A/TextInputUI
0x0000000260845000 	/System/Library/PrivateFrameworks/TextInputUIMacHelper.framework/Versions/A/TextInputUIMacHelper
0x0000000256685000 	/System/Library/PrivateFrameworks/Sage.framework/Versions/A/Sage


VM Arguments:
jvm_args: -Dcom.sun.management.jmxremote.authenticate=false -Dapple.awt.application.appearance=system -Dcompose.application.configure.swing.globals=true -Dcompose.application.resources.dir=/Users/kshivang/Development/BOSS-Kotlin/composeApp/build/compose/tmp/prepareAppResources -Djcef.path=/Users/kshivang/Development/BOSS-Kotlin/composeApp/build/jcef-natives -Djna.nosys=true -Dpty4j.preferred.native.folder=/Users/kshivang/Development/BOSS-Kotlin/composeApp/build/pty4j-native -Dpty4j.tmpdir=/Users/kshivang/Development/BOSS-Kotlin/composeApp/build/tmp --add-opens=java.desktop/sun.awt=ALL-UNNAMED --add-opens=java.desktop/sun.lwawt=ALL-UNNAMED --add-opens=java.desktop/sun.lwawt.macosx=ALL-UNNAMED -Dfile.encoding=UTF-8 -Djava.io.tmpdir=/Users/kshivang/Development/BOSS-Kotlin/composeApp/build/tmp -Duser.country=US -Duser.language=en -Duser.variant -Djava.security.manager=allow 
java_command: ai.rever.boss.MainKt
java_class_path (initial): /Users/kshivang/Development/BOSS-Kotlin/composeApp/build/libs/composeApp-desktop.jar:/Users/kshivang/.gradle/caches/modules-2/files-2.1/moe.tlaster/precompose-viewmodel-jvm/1.6.2/e34ad5e4afad6c54aaf52ba6a6dde6f43c252bba/precompose-viewmodel-jvm-1.6.2.jar:/Users/kshivang/.gradle/caches/modules-2/files-2.1/moe.tlaster/precompose-jvm/1.6.2/a87526e09624f8224114aaa06c08d13a8e6b4038/precompose-jvm-1.6.2.jar:/Users/kshivang/.gradle/caches/modules-2/files-2.1/org.jetbrains.compose.desktop/desktop-jvm/1.8.0/7a5516c08efe9fef2e6aa38a10e5fc17fb556148/desktop-jvm-1.8.0.jar:/Users/kshivang/.gradle/caches/modules-2/files-2.1/org.jetbrains.compose.material/material-desktop/1.8.0/eb68e7add6287443a90854fa65af432823e8271e/material-desktop-1.8.0.jar:/Users/kshivang/.gradle/caches/modules-2/files-2.1/org.jetbrains.compose.components/components-resources-desktop/1.8.0/10110d785f486bc13235f40e1d0b91a48b5f3ee6/library-desktop-1.8.0.jar:/Users/kshivang/.gradle/caches/modules-2/files-2.1/com.arkivanov.decompose/extensions-compose-experimental-jvm/3.3.0/bfc20c2d6efa949d891730f4785127d85eb05c73/extensions-compose-experimental-jvm-3.3.0.jar:/Users/kshivang/.gradle/caches/modules-2/files-2.1/com.arkivanov.decompose/extensions-compose-jvm/3.3.0/9a1634f64d40453efa3732ad6a0653babb40dfdb/extensions-compose-jvm-3.3.0.jar:/Users/kshivang/.gradle/caches/modules-2/files-2.1/org.jetbrains.compose.material/material-ripple-desktop/1.8.0/5364a917218879742c9f08f55791adb3a7c26c8a/material-ripple-desktop-1.8.0.jar:/Users/kshivang/.gradle/caches/modules-2/files-2.1/org.jetbrains.compose.foundation/foundation-desktop/1.8.0/95a4ab44a0b846ca6889e76ee974abe09e940fc7/foundation-desktop-1.8.0.jar:/Users/kshivang/.gradle/caches/modules-2/files-2.1/org.jetbrains.compose.material/material-icons-extended-desktop/1.7.3/c7c5465dd754043076875b32bce0dd7f5a354fe8/material-icons-extended-desktop-1.7.3.jar:/Users/kshivang/.gradle/caches/modules-2/files-2.1/org.jetbrains.compose.animation/animation-d
Launcher Type: SUN_STANDARD

[Global flags]
     intx CICompilerCount                          = 12                                        {product} {ergonomic}
     uint ConcGCThreads                            = 3                                         {product} {ergonomic}
     uint G1ConcRefinementThreads                  = 13                                        {product} {ergonomic}
   size_t G1HeapRegionSize                         = 16777216                                  {product} {ergonomic}
    uintx GCDrainStackTargetSize                   = 64                                        {product} {ergonomic}
   size_t InitialHeapSize                          = 2147483648                                {product} {ergonomic}
     bool ManagementServer                         = true                                      {product} {command line}
   size_t MarkStackSize                            = 4194304                                   {product} {ergonomic}
   size_t MaxHeapSize                              = 32178700288                               {product} {ergonomic}
   size_t MaxNewSize                               = 19293798400                               {product} {ergonomic}
   size_t MinHeapDeltaBytes                        = 16777216                                  {product} {ergonomic}
   size_t MinHeapSize                              = 16777216                                  {product} {ergonomic}
    uintx NonNMethodCodeHeapSize                   = 7602992                                {pd product} {ergonomic}
    uintx NonProfiledCodeHeapSize                  = 122027624                              {pd product} {ergonomic}
    uintx ProfiledCodeHeapSize                     = 122027624                              {pd product} {ergonomic}
    uintx ReservedCodeCacheSize                    = 251658240                              {pd product} {ergonomic}
     bool SegmentedCodeCache                       = true                                      {product} {ergonomic}
   size_t SoftMaxHeapSize                          = 32178700288                            {manageable} {ergonomic}
     bool UseCompressedClassPointers               = true                           {product lp64_product} {ergonomic}
     bool UseCompressedOops                        = true                           {product lp64_product} {ergonomic}
     bool UseG1GC                                  = true                                      {product} {ergonomic}
     bool UseNUMA                                  = false                                     {product} {ergonomic}
     bool UseNUMAInterleaving                      = false                                     {product} {ergonomic}

Logging:
Log output configuration:
 #0: stdout all=warning uptime,level,tags
 #1: stderr all=off uptime,level,tags

Environment Variables:
JAVA_HOME=/opt/homebrew/opt/openjdk@17/libexec/openjdk.jdk/Contents/Home
JAVA_TOOL_OPTIONS=-Dcom.sun.management.jmxremote.authenticate=false
_JAVA_OPTIONS=-Djava.security.manager=allow
PATH=/opt/homebrew/opt/openjdk@17/bin:/Users/kshivang/.codeium/windsurf/bin:/Users/kshivang/.local/bin:/usr/local/opt/mingw-w64/bin:/usr/local/opt/llvm/bin:/Users/kshivang/.local/bin:/Users/kshivang/google-cloud-sdk/bin:/opt/homebrew/Caskroom/miniconda/base/bin:/opt/homebrew/opt/openjdk/bin:/usr/local/miniconda3/bin:/opt/homebrew/bin:/opt/homebrew/sbin:/usr/local/bin:/System/Cryptexes/App/usr/bin:/usr/bin:/bin:/usr/sbin:/sbin:/var/run/com.apple.security.cryptexd/codex.system/bootstrap/usr/local/bin:/var/run/com.apple.security.cryptexd/codex.system/bootstrap/usr/bin:/var/run/com.apple.security.cryptexd/codex.system/bootstrap/usr/appleinternal/bin:/Library/Apple/usr/bin:/usr/local/share/dotnet:~/.dotnet/tools:/opt/homebrew/opt/openjdk@17/bin:/Users/kshivang/.codeium/windsurf/bin:/Users/kshivang/.local/bin:/usr/local/opt/mingw-w64/bin:/usr/local/opt/llvm/bin:/Users/kshivang/google-cloud-sdk/bin:/opt/homebrew/Caskroom/miniconda/base/bin:/opt/homebrew/opt/openjdk/bin:/usr/local/miniconda3/bin:/Users/kshivang/.cargo/bin:/Users/kshivang/Library/Application Support/JetBrains/Toolbox/scripts:/Users/kshivang/.pub-cache/bin:/Users/kshivang/depot_tools:/Applications/010 Editor.app/Contents/CmdLine:/Users/kshivang/Library/Application Support/JetBrains/Toolbox/scripts:/Users/kshivang/.pub-cache/bin:/Users/kshivang/depot_tools:/Applications/010 Editor.app/Contents/CmdLine
SHELL=/bin/zsh
LANG=en_US.UTF-8
TERM=xterm-256color
TMPDIR=/var/folders/vz/5tp5ky2x7cl1fqtsqmrhm5k00000gn/T/

Active Locale:
LC_ALL=en_US.UTF-8
LC_COLLATE=en_US.UTF-8
LC_CTYPE=en_US.UTF-8
LC_MESSAGES=en_US.UTF-8
LC_MONETARY=en_US.UTF-8
LC_NUMERIC=en_US.UTF-8
LC_TIME=en_US.UTF-8

Signal Handlers:
   SIGSEGV: crash_handler in libjvm.dylib, mask=11100110000111110111111111111111, flags=SA_RESTART|SA_SIGINFO, unblocked
    SIGBUS: crash_handler in libjvm.dylib, mask=11100110000111110111111111111111, flags=SA_RESTART|SA_SIGINFO, unblocked
    SIGFPE: crash_handler in libjvm.dylib, mask=11100110000111110111111111111111, flags=SA_RESTART|SA_SIGINFO, unblocked
   SIGPIPE: javaSignalHandler in libjvm.dylib, mask=11100110000111110111111111111111, flags=SA_RESTART|SA_SIGINFO, blocked
   SIGXFSZ: javaSignalHandler in libjvm.dylib, mask=11100110000111110111111111111111, flags=SA_RESTART|SA_SIGINFO, blocked
    SIGILL: crash_handler in libjvm.dylib, mask=11100110000111110111111111111111, flags=SA_RESTART|SA_SIGINFO, unblocked
   SIGUSR2: SR_handler in libjvm.dylib, mask=00100000000000000000000000000000, flags=SA_RESTART|SA_SIGINFO, blocked
    SIGHUP: UserHandler in libjvm.dylib, mask=11100110000111110111111111111111, flags=SA_RESTART|SA_SIGINFO, blocked
    SIGINT: UserHandler in libjvm.dylib, mask=11100110000111110111111111111111, flags=SA_RESTART|SA_SIGINFO, blocked
   SIGTERM: UserHandler in libjvm.dylib, mask=11100110000111110111111111111111, flags=SA_RESTART|SA_SIGINFO, blocked
   SIGQUIT: UserHandler in libjvm.dylib, mask=11100110000111110111111111111111, flags=SA_RESTART|SA_SIGINFO, blocked
   SIGTRAP: crash_handler in libjvm.dylib, mask=11100110000111110111111111111111, flags=SA_RESTART|SA_SIGINFO, unblocked


Periodic native trim disabled


---------------  S Y S T E M  ---------------

OS:
uname: Darwin 24.5.0 Darwin Kernel Version 24.5.0: Tue Apr 22 19:52:00 PDT 2025; root:xnu-11417.121.6~2/RELEASE_ARM64_T6031 arm64
OS uptime: 0 days 23:50 hours
rlimit (soft/hard): STACK 8176k/65520k , CORE 0k/infinity , NPROC 10666/16000 , NOFILE 1048576/infinity , AS infinity/infinity , CPU infinity/infinity , DATA infinity/infinity , FSIZE infinity/infinity , MEMLOCK infinity/infinity , RSS infinity/infinity
load average: 4.10 3.84 3.24

CPU: total 16 (initial active 16) 0x61:0x0:0x72015832:0, fp, simd, crc, lse
machdep.cpu.brand_string:Apple M3 Max
hw.cachelinesize:128
hw.l1icachesize:131072
hw.l1dcachesize:65536
hw.l2cachesize:4194304

Memory: 16k page, physical 134217728k(2560816k free), swap 0k(0k free)

vm_info: OpenJDK 64-Bit Server VM (17.0.15+0) for bsd-aarch64 JRE (17.0.15+0), built on Apr 15 2025 23:21:06 by "brew" with clang Apple LLVM 16.0.0 (clang-1600.0.26.6)

END.
